P,ErrMean,ErrMeanAbs,ErrStDev,ErrStDevDevSqrtN
0.001,-7.210600488725693e-05,7.210600488725693e-05,0.00022584731214147203,2.2584731214147203e-06
0.00599,-1.96778664433321e-06,1.96778664433321e-06,0.00022618491342379183,2.2618491342379182e-06
0.01098,-5.263696547649792e-06,5.263696547649792e-06,0.00024212567583906678,2.4212567583906678e-06
0.015969999999999998,-6.459610811600447e-06,6.459610811600447e-06,0.00025441793631284675,2.5441793631284677e-06
0.02096,-1.9527085102143846e-06,1.9527085102143846e-06,0.0002476739101075555,2.476739101075555e-06
0.02595,-1.0233032604009487e-05,1.0233032604009487e-05,0.0002401805828832694,2.401805828832694e-06
0.03094,8.384016057225646e-06,8.384016057225646e-06,0.0002484995297446567,2.484995297446567e-06
0.03593,4.098457237906662e-06,4.098457237906662e-06,0.00026626038725215763,2.6626038725215764e-06
0.04092,-9.466381699085332e-06,9.466381699085332e-06,0.00025573710349127747,2.5573710349127746e-06
0.04591,1.1725093573787418e-06,1.1725093573787418e-06,0.0002568352233011523,2.568352233011523e-06
0.0509,-1.4939596532907064e-06,1.4939596532907064e-06,0.000259947811399153,2.59947811399153e-06
0.055889999999999995,2.541112416929061e-06,2.541112416929061e-06,0.0002447259077080045,2.447259077080045e-06
0.06088,-1.118251695046464e-05,1.118251695046464e-05,0.00024864700340629375,2.4864700340629377e-06
0.06587,-3.327335909824795e-05,3.327335909824795e-05,0.00022071382306808413,2.2071382306808413e-06
0.07085999999999999,-4.799210128536455e-06,4.799210128536455e-06,0.00024726363637242346,2.4726363637242345e-06
0.07585,2.9984707728748893e-06,2.9984707728748893e-06,0.0002606943445530576,2.606943445530576e-06
0.08084,1.5336521284785813e-06,1.5336521284785813e-06,0.00026208955105086446,2.6208955105086448e-06
0.08582999999999999,-9.450776794866814e-06,9.450776794866814e-06,0.0002592068796226517,2.592068796226517e-06
0.09082,-6.922353809457887e-06,6.922353809457887e-06,0.0002646036544870986,2.646036544870986e-06
0.09580999999999999,3.0683606179914834e-07,3.0683606179914834e-07,0.000267678529108173,2.67678529108173e-06
0.1008,-1.9456851609634673e-07,1.9456851609634673e-07,0.0002648604095248615,2.6486040952486153e-06
0.10579,-4.5713863149596243e-08,4.5713863149596243e-08,0.0002646898370378541,2.646898370378541e-06
0.11077999999999999,-4.5228305826623405e-07,4.5228305826623405e-07,0.00026452862198590553,2.6452862198590553e-06
0.11577,8.009084067326408e-07,8.009084067326408e-07,0.0002666619526249984,2.666619526249984e-06
0.12075999999999999,5.219394695586748e-06,5.219394695586748e-06,0.000259565036328531,2.5956503632853104e-06
0.12574999999999997,8.014105917875242e-07,8.014105917875242e-07,0.0002617741556539294,2.617741556539294e-06
0.13074,-1.8354896824057666e-09,1.8354896824057666e-09,0.00025877380037445715,2.5877380037445713e-06
0.13573,-7.437812020725826e-06,7.437812020725826e-06,0.0002696466512753468,2.696466512753468e-06
0.14071999999999998,6.215767429325547e-06,6.215767429325547e-06,0.0002745128780638147,2.7451287806381474e-06
0.14570999999999998,-1.2004208003619976e-05,1.2004208003619976e-05,0.0002626762298483697,2.626762298483697e-06
0.1507,-6.716331993855817e-06,6.716331993855817e-06,0.000265832651901844,2.65832651901844e-06
0.15569,4.648727159551669e-07,4.648727159551669e-07,0.0002692018751183102,2.6920187511831016e-06
0.16068,-5.357071922108305e-06,5.357071922108305e-06,0.0002694551827409063,2.6945518274090634e-06
0.16566999999999998,3.957946604690668e-06,3.957946604690668e-06,0.00026620950340151996,2.6620950340151995e-06
0.17065999999999998,-6.160502741254531e-06,6.160502741254531e-06,0.0002663203405814063,2.6632034058140628e-06
0.17565,2.566404205526884e-06,2.566404205526884e-06,0.00026347376404887464,2.6347376404887466e-06
0.18064,-9.0565669194633e-07,9.0565669194633e-07,0.00027248204598722965,2.7248204598722965e-06
0.18563,-9.580110463566052e-06,9.580110463566052e-06,0.0002674896117259048,2.674896117259048e-06
0.19061999999999998,-1.1310923121264304e-06,1.1310923121264304e-06,0.00027080689364743037,2.7080689364743036e-06
0.19560999999999998,2.389830989941741e-06,2.389830989941741e-06,0.0002665409549022535,2.665409549022535e-06
0.2006,1.5318094447846763e-06,1.5318094447846763e-06,0.0002684516937066656,2.684516937066656e-06
0.20559,-8.34902733405465e-06,8.34902733405465e-06,0.00028047176236584934,2.8047176236584933e-06
0.21058,-1.7081624701690168e-06,1.7081624701690168e-06,0.00027281240450188456,2.7281240450188457e-06
0.21556999999999998,7.17058158552647e-07,7.17058158552647e-07,0.000274040510627042,2.7404051062704197e-06
0.22055999999999998,1.273539745223623e-07,1.273539745223623e-07,0.0002777184211562538,2.7771842115625377e-06
0.22554999999999997,4.002375872808398e-06,4.002375872808398e-06,0.000272181605739988,2.7218160573998796e-06
0.23054,-4.545579482738471e-06,4.545579482738471e-06,0.0002690275572349826,2.6902755723498257e-06
0.23553,-3.2681449136071933e-06,3.2681449136071933e-06,0.0002696197646440231,2.696197646440231e-06
0.24051999999999998,-1.1492041944296288e-06,1.1492041944296288e-06,0.00027482462037052503,2.7482462037052504e-06
0.24550999999999998,-1.3409121380395086e-05,1.3409121380395086e-05,0.0002738282335998128,2.7382823359981276e-06
0.25049999999999994,3.6560845798156355e-05,3.6560845798156355e-05,0.0002866491428630229,2.8664914286302288e-06
0.25549,9.821078025225571e-06,9.821078025225571e-06,0.00026984622813859565,2.6984622813859564e-06
0.26048,1.560733404825354e-06,1.560733404825354e-06,0.0002769646122012869,2.769646122012869e-06
0.26547,-1.3493377159639108e-06,1.3493377159639108e-06,0.00027292212432108174,2.7292212432108173e-06
0.27046,7.538546878113673e-06,7.538546878113673e-06,0.00027230061249590616,2.7230061249590617e-06
0.27545,-6.042829854081999e-07,6.042829854081999e-07,0.0002706743296395443,2.7067432963954426e-06
0.28043999999999997,1.1366019766165297e-05,1.1366019766165297e-05,0.00027494951782513734,2.7494951782513733e-06
0.28542999999999996,-7.66015475582587e-06,7.66015475582587e-06,0.0002675758424630484,2.675758424630484e-06
0.29041999999999996,-7.261864008771307e-06,7.261864008771307e-06,0.00027334337957147245,2.7334337957147245e-06
0.29541,3.579000006714167e-06,3.579000006714167e-06,0.0002782207974464362,2.7822079744643622e-06
0.3004,-3.3353316489038554e-06,3.3353316489038554e-06,0.0002780749920228023,2.780749920228023e-06
0.30539,-1.1484097205862798e-06,1.1484097205862798e-06,0.00027819871634969366,2.7819871634969364e-06
0.31038,-2.2535359679041562e-05,2.2535359679041562e-05,0.0002744981802538748,2.744981802538748e-06
0.31537,-7.326966122322842e-06,7.326966122322842e-06,0.00027820110738184913,2.7820110738184914e-06
0.32036,-4.9448971949930695e-06,4.9448971949930695e-06,0.0002695378233941496,2.695378233941496e-06
0.32535,5.066547554580192e-06,5.066547554580192e-06,0.0002738555408541512,2.7385554085415123e-06
0.33033999999999997,-7.211794566908447e-06,7.211794566908447e-06,0.0002664415747009866,2.6644157470098657e-06
0.33532999999999996,-3.142464992835686e-06,3.142464992835686e-06,0.0002612970427450646,2.6129704274506463e-06
0.34031999999999996,-8.505601181126865e-07,8.505601181126865e-07,0.00027104215687908176,2.7104215687908177e-06
0.34530999999999995,-1.8897891208278523e-05,1.8897891208278523e-05,0.00026663190758219167,2.6663190758219168e-06
0.3503,6.309773867208491e-07,6.309773867208491e-07,0.0002665412614079989,2.665412614079989e-06
0.35529,1.8849329220338885e-06,1.8849329220338885e-06,0.00026894180153309123,2.6894180153309123e-06
0.36028,-5.445634508880387e-06,5.445634508880387e-06,0.00027265706564219815,2.7265706564219814e-06
0.36527,5.283103448810417e-06,5.283103448810417e-06,0.0002691483986425731,2.6914839864257307e-06
0.37026,3.3384193500311744e-06,3.3384193500311744e-06,0.00027152344293139417,2.715234429313942e-06
0.37525,-3.6195056816629324e-06,3.6195056816629324e-06,0.00027491195216376463,2.7491195216376465e-06
0.38023999999999997,5.098163915444254e-06,5.098163915444254e-06,0.00027844998240547024,2.784499824054702e-06
0.38522999999999996,-1.5486780015864233e-07,1.5486780015864233e-07,0.0002765555950751409,2.765555950751409e-06
0.39021999999999996,1.0903799956035514e-05,1.0903799956035514e-05,0.00027626431557067086,2.7626431557067084e-06
0.39520999999999995,-1.3324898492515225e-06,1.3324898492515225e-06,0.00027839249532312304,2.7839249532312306e-06
0.4002,3.0513124498826537e-06,3.0513124498826537e-06,0.0002745579917884172,2.7455799178841723e-06
0.40519,-3.268493619533647e-06,3.268493619533647e-06,0.0002724802795009694,2.7248027950096937e-06
0.41018,-1.0312482742467471e-05,1.0312482742467471e-05,0.0002739051881759633,2.739051881759633e-06
0.41517,-4.3257044892875405e-07,4.3257044892875405e-07,0.0002763309759499003,2.763309759499003e-06
0.42016,2.289076013881736e-06,2.289076013881736e-06,0.000272914909379149,2.72914909379149e-06
0.42515,6.765972807263632e-06,6.765972807263632e-06,0.000267575777417785,2.6757577741778504e-06
0.43013999999999997,-2.7377531459091442e-06,2.7377531459091442e-06,0.000272001809590519,2.7200180959051897e-06
0.43512999999999996,7.413939393913738e-06,7.413939393913738e-06,0.00027246519361408933,2.7246519361408934e-06
0.44011999999999996,2.452725910974507e-07,2.452725910974507e-07,0.00027553149167239293,2.7553149167239294e-06
0.44510999999999995,-6.374419250884527e-06,6.374419250884527e-06,0.0002743763415700687,2.7437634157006867e-06
0.45009999999999994,4.774077274550092e-07,4.774077274550092e-07,0.0002752749722548234,2.752749722548234e-06
0.45509,1.1319751630901543e-06,1.1319751630901543e-06,0.0002716451676058711,2.716451676058711e-06
0.46008,3.528066517607259e-06,3.528066517607259e-06,0.00028208664359638443,2.820866435963844e-06
0.46507,6.7312066978270464e-06,6.7312066978270464e-06,0.00027016793982559704,2.7016793982559703e-06
0.47006,-1.8344394912521155e-06,1.8344394912521155e-06,0.0002724494539220028,2.7244945392200284e-06
0.47505,1.562549651695816e-06,1.562549651695816e-06,0.00027657293979409123,2.7657293979409124e-06
0.48003999999999997,-6.887596785924987e-07,6.887596785924987e-07,0.0002829208741253085,2.829208741253085e-06
0.48502999999999996,1.0407728032741025e-05,1.0407728032741025e-05,0.00026954746436892924,2.6954746436892924e-06
0.49001999999999996,1.651327781916897e-05,1.651327781916897e-05,0.00027532215030389936,2.7532215030389935e-06
0.49500999999999995,-6.9403541322534514e-06,6.9403541322534514e-06,0.000280403221016098,2.80403221016098e-06
0.49999999999999994,-6.475531539281132e-06,6.475531539281132e-06,0.0003365974657126,3.365974657126e-06
0.5049899999999999,6.962290113444736e-06,6.962290113444736e-06,0.0002752496768091762,2.7524967680917617e-06
0.50998,-1.68643095752777e-05,1.68643095752777e-05,0.00027645060688386876,2.7645060688386875e-06
0.5149699999999999,-9.861411207789795e-06,9.861411207789795e-06,0.00026818381441199527,2.6818381441199528e-06
0.51996,2.293210771966747e-06,2.293210771966747e-06,0.00028067066527465476,2.8067066527465475e-06
0.5249499999999999,-4.726173559019109e-06,4.726173559019109e-06,0.000280651200923022,2.80651200923022e-06
0.52994,-5.6089739860709645e-08,5.6089739860709645e-08,0.00027209572340904613,2.7209572340904614e-06
0.53493,-7.214417662443717e-06,7.214417662443717e-06,0.0002637298344954094,2.6372983449540937e-06
0.53992,-1.2353811553488248e-07,1.2353811553488248e-07,0.0002825137015547544,2.825137015547544e-06
0.54491,-1.9787371181941514e-06,1.9787371181941514e-06,0.0002747971946328042,2.7479719463280418e-06
0.5498999999999999,9.681584595434555e-08,9.681584595434555e-08,0.00027694884375060276,2.7694884375060274e-06
0.55489,1.4521171902204254e-06,1.4521171902204254e-06,0.0002754737042231024,2.754737042231024e-06
0.5598799999999999,1.4719210284091399e-06,1.4719210284091399e-06,0.0002730653699080552,2.7306536990805522e-06
0.56487,-5.28655338581141e-07,5.28655338581141e-07,0.00027444290373925624,2.744429037392562e-06
0.5698599999999999,-6.128880465111897e-06,6.128880465111897e-06,0.0002769944774025306,2.7699447740253063e-06
0.57485,-2.288401530028339e-06,2.288401530028339e-06,0.0002701719676921012,2.7017196769210117e-06
0.5798399999999999,-5.813164326056552e-06,5.813164326056552e-06,0.00027103501798290833,2.710350179829083e-06
0.58483,-2.467747124866537e-06,2.467747124866537e-06,0.00027306215758570417,2.7306215758570417e-06
0.58982,4.535391873843864e-06,4.535391873843864e-06,0.0002735639831402959,2.735639831402959e-06
0.59481,5.678808309948447e-06,5.678808309948447e-06,0.00027193365726380916,2.7193365726380916e-06
0.5998,-6.513314063213982e-07,6.513314063213982e-07,0.0002718495854314469,2.7184958543144693e-06
0.6047899999999999,6.737118540129483e-07,6.737118540129483e-07,0.0002746154133114524,2.7461541331145244e-06
0.60978,-8.50678894240553e-06,8.50678894240553e-06,0.0002757706649503052,2.757706649503052e-06
0.6147699999999999,3.2653657843688677e-07,3.2653657843688677e-07,0.00028011147180063506,2.8011147180063506e-06
0.61976,-3.4061391020504095e-06,3.4061391020504095e-06,0.0002769050609666347,2.769050609666347e-06
0.6247499999999999,3.538951140032187e-06,3.538951140032187e-06,0.00027756334197390236,2.7756334197390235e-06
0.62974,4.0187327903713374e-06,4.0187327903713374e-06,0.000268361013243343,2.68361013243343e-06
0.6347299999999999,-1.2999813310511367e-07,1.2999813310511367e-07,0.0002715882104255518,2.7158821042555177e-06
0.63972,8.718208693329065e-06,8.718208693329065e-06,0.000266578506476969,2.66578506476969e-06
0.64471,3.919748655676458e-07,3.919748655676458e-07,0.0002710450580715212,2.710450580715212e-06
0.6496999999999999,-7.073672451613544e-06,7.073672451613544e-06,0.0002692948901400184,2.692948901400184e-06
0.65469,1.6408628965903983e-05,1.6408628965903983e-05,0.0002715780448957055,2.715780448957055e-06
0.6596799999999999,3.4113618742300013e-06,3.4113618742300013e-06,0.00027051234651453537,2.705123465145354e-06
0.66467,4.459601088735909e-06,4.459601088735909e-06,0.0002667394921899049,2.6673949218990486e-06
0.6696599999999999,1.0291130833457985e-05,1.0291130833457985e-05,0.0002686056592603029,2.686056592603029e-06
0.67465,-4.127416320236621e-06,4.127416320236621e-06,0.0002731342151619392,2.7313421516193917e-06
0.6796399999999999,2.669797275060415e-06,2.669797275060415e-06,0.00026914833483985217,2.6914833483985215e-06
0.68463,1.3872719634205566e-05,1.3872719634205566e-05,0.00027499061659131926,2.7499061659131925e-06
0.6896199999999999,1.790347380146876e-05,1.790347380146876e-05,0.0002767929818665025,2.767929818665025e-06
0.69461,-1.8305276439055662e-06,1.8305276439055662e-06,0.0002788126375689507,2.788126375689507e-06
0.6996,4.881603382815103e-06,4.881603382815103e-06,0.00027735497222623664,2.7735497222623663e-06
0.7045899999999999,3.845102196775086e-06,3.845102196775086e-06,0.00027853567312721364,2.7853567312721363e-06
0.70958,1.0073404863600676e-05,1.0073404863600676e-05,0.0002761724570112838,2.7617245701128376e-06
0.7145699999999999,1.1139921747296755e-05,1.1139921747296755e-05,0.00026966729360853404,2.6966729360853403e-06
0.71956,-3.2872422695271242e-06,3.2872422695271242e-06,0.000273403141357635,2.73403141357635e-06
0.7245499999999999,1.5063895995114041e-06,1.5063895995114041e-06,0.0002699379582007655,2.6993795820076553e-06
0.72954,-7.684964601993427e-06,7.684964601993427e-06,0.0002782630517465825,2.782630517465825e-06
0.7345299999999999,-2.9046034859071646e-06,2.9046034859071646e-06,0.0002758948805637195,2.758948805637195e-06
0.73952,1.6015362883732842e-06,1.6015362883732842e-06,0.0002757549215978944,2.757549215978944e-06
0.7445099999999999,-8.012615434092952e-06,8.012615434092952e-06,0.000270600978393173,2.70600978393173e-06
0.7494999999999999,-2.895946995917249e-05,2.895946995917249e-05,0.00028217753483092173,2.821775348309217e-06
0.75449,1.00405527906957e-05,1.00405527906957e-05,0.00027301994209079963,2.730199420907996e-06
0.7594799999999999,6.153203875620239e-06,6.153203875620239e-06,0.0002714202751037795,2.714202751037795e-06
0.76447,4.338250684466538e-06,4.338250684466538e-06,0.00027151711962659935,2.7151711962659937e-06
0.7694599999999999,3.991191756668178e-06,3.991191756668178e-06,0.0002751694729437186,2.751694729437186e-06
0.77445,3.1367303755919673e-06,3.1367303755919673e-06,0.00026928027866826614,2.6928027866826616e-06
0.7794399999999999,-3.801405862165663e-06,3.801405862165663e-06,0.0002695416796973586,2.695416796973586e-06
0.78443,-4.882630819457612e-07,4.882630819457612e-07,0.0002789510126996022,2.789510126996022e-06
0.7894199999999999,6.296823007310392e-06,6.296823007310392e-06,0.00027075722420914777,2.707572242091478e-06
0.79441,1.2980280773125508e-05,1.2980280773125508e-05,0.0002752674264467563,2.752674264467563e-06
0.7994,3.830373184581881e-06,3.830373184581881e-06,0.00026683767425539915,2.6683767425539916e-06
0.8043899999999999,-1.3310116216732838e-06,1.3310116216732838e-06,0.000273258940710411,2.73258940710411e-06
0.80938,-2.8611563791330787e-06,2.8611563791330787e-06,0.00027243450567887963,2.7243450567887963e-06
0.8143699999999999,8.737625327307841e-06,8.737625327307841e-06,0.0002703124497694014,2.7031244976940137e-06
0.81936,-3.6383114566121977e-07,3.6383114566121977e-07,0.00026996919063610754,2.6996919063610756e-06
0.8243499999999999,-2.373570796174618e-07,2.373570796174618e-07,0.00026447740129881573,2.6447740129881574e-06
0.82934,3.117009739478216e-06,3.117009739478216e-06,0.0002631464125746125,2.631464125746125e-06
0.8343299999999999,5.690045612394901e-06,5.690045612394901e-06,0.0002717443548305769,2.717443548305769e-06
0.83932,5.142668532421179e-06,5.142668532421179e-06,0.0002679981608880757,2.6799816088807567e-06
0.8443099999999999,1.0986273593562635e-06,1.0986273593562635e-06,0.00026964862629730464,2.6964862629730463e-06
0.8492999999999999,4.372448484123881e-07,4.372448484123881e-07,0.0002616584248668247,2.6165842486682473e-06
0.85429,1.0434556342634727e-05,1.0434556342634727e-05,0.0002614587258732984,2.614587258732984e-06
0.8592799999999999,-2.5936296682858127e-06,2.5936296682858127e-06,0.00027165748628454997,2.7165748628455e-06
0.86427,2.03551846668103e-06,2.03551846668103e-06,0.0002657620466394824,2.6576204663948238e-06
0.8692599999999999,-1.9087247748042602e-06,1.9087247748042602e-06,0.0002583897525171628,2.583897525171628e-06
0.87425,-2.9995787864161794e-06,2.9995787864161794e-06,0.0002603743910632073,2.603743910632073e-06
0.8792399999999999,-2.063213937654551e-06,2.063213937654551e-06,0.00026139779371340145,2.6139779371340144e-06
0.88423,-1.0379966849568545e-06,1.0379966849568545e-06,0.0002660943401979337,2.660943401979337e-06
0.8892199999999999,-2.6993861206245695e-06,2.6993861206245695e-06,0.000269851872531291,2.69851872531291e-06
0.89421,-2.4989315838560676e-06,2.4989315838560676e-06,0.00026340180866943726,2.6340180866943725e-06
0.8991999999999999,-3.6045574799130285e-06,3.6045574799130285e-06,0.0002675526470509596,2.675526470509596e-06
0.9041899999999999,-3.6452969858418504e-06,3.6452969858418504e-06,0.0002671435821834717,2.671435821834717e-06
0.90918,1.0295490029603304e-05,1.0295490029603304e-05,0.00026336158417126934,2.6336158417126934e-06
0.9141699999999999,8.815111520986708e-06,8.815111520986708e-06,0.000259598580677773,2.59598580677773e-06
0.91916,-6.702562219417674e-07,6.702562219417674e-07,0.0002663322130380126,2.6633221303801264e-06
0.9241499999999999,2.237368968653297e-06,2.237368968653297e-06,0.00026039967250405974,2.6039967250405973e-06
0.92914,7.524219769456597e-06,7.524219769456597e-06,0.00024613569887591404,2.4613569887591402e-06
0.9341299999999999,3.3580845764055864e-05,3.3580845764055864e-05,0.00022261633957785374,2.2261633957785375e-06
0.93912,1.664399462569499e-06,1.664399462569499e-06,0.00025006671629105193,2.5006671629105195e-06
0.9441099999999999,2.1055029326681684e-06,2.1055029326681684e-06,0.0002476769736079752,2.4767697360797525e-06
0.9490999999999999,-2.222291897806761e-06,2.222291897806761e-06,0.00025579836903970435,2.5579836903970435e-06
0.9540899999999999,5.09515329805027e-06,5.09515329805027e-06,0.0002568894911790843,2.568894911790843e-06
0.9590799999999999,2.4064274370089843e-06,2.4064274370089843e-06,0.0002581553363065175,2.581553363065175e-06
0.96407,-3.7546976843184534e-06,3.7546976843184534e-06,0.0002656927018490598,2.656927018490598e-06
0.9690599999999999,1.4590085697585576e-07,1.4590085697585576e-07,0.0002485167678249286,2.485167678249286e-06
0.97405,1.7292073797804452e-05,1.7292073797804452e-05,0.0002379337501159989,2.379337501159989e-06
0.9790399999999999,-2.3805462511968687e-06,2.3805462511968687e-06,0.00024698156150964375,2.4698156150964377e-06
0.98403,3.167319580778094e-07,3.167319580778094e-07,0.0002501812244950685,2.501812244950685e-06
0.9890199999999999,2.5797698773304735e-06,2.5797698773304735e-06,0.00024397452314837062,2.439745231483706e-06
0.99401,1.7904301950557254e-06,1.7904301950557254e-06,0.00022655795036498507,2.2655795036498507e-06
0.999,6.957042072926776e-05,6.957042072926776e-05,0.00022615690325440802,2.26156903254408e-06
