0.000000000000000000e+00,3.000068717038068544e-01,6.871703806865525621e-06,6.871703806865525621e-06
1.000000000000000000e+00,3.000150381635123820e-01,1.503816351239306570e-05,2.190986731925859132e-05
2.000000000000000000e+00,2.999922648283236404e-01,-7.735171676348517877e-06,1.417469564291007345e-05
3.000000000000000000e+00,3.000031511585259381e-01,3.151158525949160349e-06,1.732585416885923379e-05
4.000000000000000000e+00,2.999817558287741215e-01,-1.824417122586741158e-05,-9.183170570081777839e-07
5.000000000000000000e+00,2.999860660741704987e-01,-1.393392582949015690e-05,-1.485224288649833468e-05
6.000000000000000000e+00,3.000003470575475228e-01,3.470575475339465754e-07,-1.450518533896438811e-05
7.000000000000000000e+00,3.000034742573695623e-01,3.474257369573408027e-06,-1.103092796939098008e-05
8.000000000000000000e+00,3.000204964126419460e-01,2.049641264195711798e-05,9.465484672566137903e-06
9.000000000000000000e+00,2.999877655552796174e-01,-1.223444472037149566e-05,-2.768960047805357760e-06
1.000000000000000000e+01,3.000159896362930012e-01,1.598963629301231038e-05,1.322067624520695261e-05
1.100000000000000000e+01,3.000082119461186525e-01,8.211946118663604466e-06,2.143262236387055708e-05
1.200000000000000000e+01,3.000028770445272719e-01,2.877044527282990316e-06,2.430966689115354740e-05
1.300000000000000000e+01,3.000005123831265830e-01,5.123831265940737012e-07,2.482205001774762110e-05
1.400000000000000000e+01,2.999942314254523401e-01,-5.768574547648785966e-06,1.905347547009883513e-05
1.500000000000000000e+01,3.000112680496796469e-01,1.126804967965799875e-05,3.032152514975683388e-05
1.600000000000000000e+01,2.999968332816010386e-01,-3.166718398950330027e-06,2.715480675080650386e-05
1.700000000000000000e+01,3.000105096423298368e-01,1.050964232984785696e-05,3.766444908065436081e-05
1.800000000000000000e+01,2.999856514688174491e-01,-1.434853118253975879e-05,2.331591789811460202e-05
1.900000000000000000e+01,2.999930352021268343e-01,-6.964797873154626728e-06,1.635112002495997530e-05
2.000000000000000000e+01,3.000247957065284576e-01,2.479570652846874168e-05,4.114682655342871698e-05
2.100000000000000000e+01,3.000169670996275517e-01,1.696709962756282053e-05,5.811392618099153751e-05
2.200000000000000000e+01,3.000065566912387682e-01,6.556691238779333020e-06,6.467061741977087053e-05
2.300000000000000000e+01,3.000100356600792773e-01,1.003566007928835546e-05,7.470627749905922599e-05
2.400000000000000000e+01,3.000229215116568260e-01,2.292151165683709024e-05,9.762778915589631623e-05
2.500000000000000000e+01,2.999905969500342717e-01,-9.403049965717169556e-06,8.822473919017914668e-05
2.600000000000000000e+01,3.000015502195087502e-01,1.550219508761330189e-06,8.977495869894047686e-05
2.700000000000000000e+01,2.999133827446046063e-01,-8.661725539538256413e-05,3.157703303557912733e-06
2.800000000000000000e+01,3.000020566956210777e-01,2.056695621088788783e-06,5.214398924646701516e-06
2.900000000000000000e+01,2.999960320882831266e-01,-3.967911716862282390e-06,1.246487207784419127e-06
3.000000000000000000e+01,2.999126116089070315e-01,-8.738839109295737373e-05,-8.614190388517295460e-05
3.100000000000000000e+01,2.999924299938074856e-01,-7.570006192503253573e-06,-9.371191007767620818e-05
3.200000000000000000e+01,3.000031129656622886e-01,3.112965662299682634e-06,-9.059894441537652554e-05
3.300000000000000000e+01,3.000037023997967900e-01,3.702399796801092435e-06,-8.689654461857543311e-05
3.400000000000000000e+01,3.000027148270216770e-01,2.714827021688126507e-06,-8.418171759688730660e-05
3.500000000000000000e+01,2.999709621203506260e-01,-2.903787964936288546e-05,-1.132195972462501921e-04
3.600000000000000000e+01,2.999729073232350607e-01,-2.709267676492821408e-05,-1.403122740111784061e-04
3.700000000000000000e+01,3.000062984492138374e-01,6.298449213848478223e-06,-1.340138247973299279e-04
3.800000000000000000e+01,3.000110712953908965e-01,1.107129539090756509e-05,-1.229425294064223628e-04
3.900000000000000000e+01,3.000048721033968802e-01,4.872103396891258598e-06,-1.180704260095311042e-04
4.000000000000000000e+01,3.000077763484419457e-01,7.776348441956848490e-06,-1.102940775675742557e-04
4.100000000000000000e+01,3.000003357836492635e-01,3.357836492745569501e-07,-1.099582939182996988e-04
4.200000000000000000e+01,2.999892293186820491e-01,-1.077068131793978978e-05,-1.207289752362394886e-04
4.300000000000000000e+01,3.000099708513308538e-01,9.970851330864949347e-06,-1.107581239053745392e-04
4.400000000000000000e+01,3.000075795007137169e-01,7.579500713728037908e-06,-1.031786231916465013e-04
4.500000000000000000e+01,3.000088901358058391e-01,8.890135805850185591e-06,-9.428848738579631572e-05
4.600000000000000000e+01,2.999915465691694871e-01,-8.453430830501762472e-06,-1.027419182162980782e-04
4.700000000000000000e+01,2.999805937950569268e-01,-1.940620494306211086e-05,-1.221481231593601890e-04
4.800000000000000000e+01,2.999969689541945317e-01,-3.031045805457210918e-06,-1.251791689648174000e-04
4.900000000000000000e+01,2.999947836354548980e-01,-5.216364545090890203e-06,-1.303955335099082902e-04
5.000000000000000000e+01,2.999711534200112939e-01,-2.884657998869499806e-05,-1.592421134986032882e-04
5.100000000000000000e+01,2.998905355299270048e-01,-1.094644700729840991e-04,-2.687065835715873874e-04
5.200000000000000000e+01,2.999855927159970070e-01,-1.440728400298185718e-05,-2.831138675745692446e-04
5.300000000000000000e+01,3.000174687843036869e-01,1.746878430369802615e-05,-2.656450832708712184e-04
5.400000000000000000e+01,2.999917656451672743e-01,-8.234354832714618766e-06,-2.738794381035858372e-04
5.500000000000000000e+01,2.999749230176324000e-01,-2.507698236758892918e-05,-2.989564204711747664e-04
5.600000000000000000e+01,2.999910933858408457e-01,-8.906614159143178000e-06,-3.078630346303179444e-04
5.700000000000000000e+01,3.000116649493426157e-01,1.166494934262685135e-05,-2.961980852876910930e-04
5.800000000000000000e+01,2.999605382685596733e-01,-3.946173144031561719e-05,-3.356598167280067102e-04
5.900000000000000000e+01,3.000010472200821399e-01,1.047220082150968068e-06,-3.346125966458557421e-04
6.000000000000000000e+01,2.999963698559069414e-01,-3.630144093047515952e-06,-3.382427407389032581e-04
6.100000000000000000e+01,2.999990969890438119e-01,-9.030109561769528170e-07,-3.391457516950802109e-04
6.200000000000000000e+01,2.999853710417854646e-01,-1.462895821452425693e-05,-3.537747099096044678e-04
6.300000000000000000e+01,3.000132500538805758e-01,1.325005388058686506e-05,-3.405246560290176028e-04
6.400000000000000000e+01,3.000012274463069728e-01,1.227446306983903668e-06,-3.392972097220336991e-04
6.500000000000000000e+01,2.999920171536227254e-01,-7.982846377263541626e-06,-3.472800560992972407e-04
6.600000000000000000e+01,2.999990981501728937e-01,-9.018498270951802454e-07,-3.481819059263924210e-04
6.700000000000000000e+01,2.999838647843823258e-01,-1.613521561766306789e-05,-3.643171215440554889e-04
6.800000000000000000e+01,3.000130260179519337e-01,1.302601795194480161e-05,-3.512911035921106873e-04
6.900000000000000000e+01,2.999924977055211106e-01,-7.502294478878290818e-06,-3.587933980709889781e-04
7.000000000000000000e+01,3.000093871708300886e-01,9.387170830099655916e-06,-3.494062272408893222e-04
7.100000000000000000e+01,2.999925499113401672e-01,-7.450088659821663128e-06,-3.568563159007109853e-04
7.200000000000000000e+01,2.999921223608812970e-01,-7.877639118691881492e-06,-3.647339550194028668e-04
7.300000000000000000e+01,2.999838469727503232e-01,-1.615302724966571901e-05,-3.808869822690685858e-04
7.400000000000000000e+01,2.999970530827029136e-01,-2.946917297075302145e-06,-3.838338995661438879e-04
7.500000000000000000e+01,2.999012835513428787e-01,-9.871644865711015626e-05,-4.825503482232540442e-04
7.600000000000000000e+01,3.000079961220302738e-01,7.996122030284880111e-06,-4.745542261929691641e-04
7.700000000000000000e+01,2.999707610100307287e-01,-2.923898996926022065e-05,-5.037932161622293847e-04
7.800000000000000000e+01,2.999917188452473904e-01,-8.281154752598496316e-06,-5.120743709148278811e-04
7.900000000000000000e+01,2.999982795410477965e-01,-1.720458952192416291e-06,-5.137948298670202973e-04
8.000000000000000000e+01,2.999848782683207093e-01,-1.512173167927954864e-05,-5.289165615462998460e-04
8.100000000000000000e+01,2.999850012250977471e-01,-1.499877490224177379e-05,-5.439153364485416198e-04
8.200000000000000000e+01,2.999981720749575476e-01,-1.827925042441336245e-06,-5.457432614909829560e-04
8.300000000000000000e+01,2.999993579890758988e-01,-6.420109240901084036e-07,-5.463852724150730644e-04
8.400000000000000000e+01,3.000080060850748298e-01,8.006085074840907367e-06,-5.383791873402321571e-04
8.500000000000000000e+01,3.000120698872070779e-01,1.206988720708901397e-05,-5.263093001331431431e-04
8.600000000000000000e+01,2.999849659069144803e-01,-1.503409308550862633e-05,-5.413433932186517694e-04
8.700000000000000000e+01,2.999834813233708819e-01,-1.651867662910699863e-05,-5.578620698477587680e-04
8.800000000000000000e+01,2.999920450293981911e-01,-7.954970601797839436e-06,-5.658170404495566075e-04
8.900000000000000000e+01,3.000058793099189547e-01,5.879309918965791582e-06,-5.599377305305908159e-04
9.000000000000000000e+01,3.000020553146143798e-01,2.055314614390901795e-06,-5.578824159161999141e-04
9.100000000000000000e+01,3.000088117980440061e-01,8.811798044017216114e-06,-5.490706178721826980e-04
9.200000000000000000e+01,3.000088211632944701e-01,8.821163294481237926e-06,-5.402494545777014601e-04
9.300000000000000000e+01,2.999858457344825036e-01,-1.415426551748533157e-05,-5.544037200951867916e-04
9.400000000000000000e+01,2.999943783509190776e-01,-5.621649080911339524e-06,-5.600253691760981312e-04
9.500000000000000000e+01,2.999827623358349848e-01,-1.723766416500405185e-05,-5.772630333411021830e-04
9.600000000000000000e+01,3.000035594601422329e-01,3.559460142243953129e-06,-5.737035731988582299e-04
9.700000000000000000e+01,2.999786533338298922e-01,-2.134666617009672862e-05,-5.950502393689549585e-04
9.800000000000000000e+01,3.000042892305522235e-01,4.289230552234624128e-06,-5.907610088167203344e-04
9.900000000000000000e+01,2.999875438234920755e-01,-1.245617650791341902e-05,-6.032171853246337534e-04
1.000000000000000000e+02,3.000046170377349553e-01,4.617037734966356055e-06,-5.986001475896673973e-04
1.010000000000000000e+02,2.999945834154096880e-01,-5.416584590300921320e-06,-6.040167321799683187e-04
1.020000000000000000e+02,3.000131315477616023e-01,1.313154776161340465e-05,-5.908851844183549140e-04
1.030000000000000000e+02,3.000086750988873452e-01,8.675098887356291755e-06,-5.822100855309986223e-04
1.040000000000000000e+02,2.999965061145651313e-01,-3.493885434857624261e-06,-5.857039709658562465e-04
1.050000000000000000e+02,3.000063650992044750e-01,6.365099204486135420e-06,-5.793388717613701111e-04
1.060000000000000000e+02,3.000014011647315626e-01,1.401164731573700806e-06,-5.779377070297964103e-04
1.070000000000000000e+02,2.999972780396364946e-01,-2.721960363494257962e-06,-5.806596673932906683e-04
1.080000000000000000e+02,2.999947849954851531e-01,-5.215004514835808180e-06,-5.858746719081264764e-04
1.090000000000000000e+02,2.999931627285173374e-01,-6.837271482651452459e-06,-5.927119433907779289e-04
1.100000000000000000e+02,2.999997011757918886e-01,-2.988242081003456008e-07,-5.930107675988782745e-04
1.110000000000000000e+02,3.000044219879928198e-01,4.421987992830889169e-06,-5.885887796060473853e-04
1.120000000000000000e+02,2.999918089755637118e-01,-8.191024436277061227e-06,-5.967798040423244466e-04
1.130000000000000000e+02,3.000083047007620074e-01,8.304700762018502047e-06,-5.884751032803059445e-04
1.140000000000000000e+02,2.999768480031038131e-01,-2.315199689617575274e-05,-6.116271001764816972e-04
1.150000000000000000e+02,2.999880088071919526e-01,-1.199119280803628840e-05,-6.236182929845179856e-04
1.160000000000000000e+02,2.999878952912283236e-01,-1.210470877166525128e-05,-6.357230017561832369e-04
1.170000000000000000e+02,2.999959963219231973e-01,-4.003678076791583607e-06,-6.397266798329748205e-04
1.180000000000000000e+02,3.000084701275851362e-01,8.470127585147313454e-06,-6.312565522478275071e-04
1.190000000000000000e+02,3.000140394688594614e-01,1.403946885947249257e-05,-6.172170833883550145e-04
1.200000000000000000e+02,3.000119936207140681e-01,1.199362071407916730e-05,-6.052234626742758472e-04
1.210000000000000000e+02,2.999900598986363076e-01,-9.940101363681286273e-06,-6.151635640379571335e-04
1.220000000000000000e+02,3.000058371898179921e-01,5.837189818003185593e-06,-6.093263742199539479e-04
1.230000000000000000e+02,3.000220375365675318e-01,2.203753656754292578e-05,-5.872888376524110221e-04
1.240000000000000000e+02,2.999995696479532681e-01,-4.303520467208166167e-07,-5.877191896991318387e-04
1.250000000000000000e+02,2.999968975640130431e-01,-3.102435986945817348e-06,-5.908216256860776561e-04
1.260000000000000000e+02,3.000001793326431687e-01,1.793326431798192289e-07,-5.906422930428978368e-04
1.270000000000000000e+02,3.000029687727598926e-01,2.968772759903703928e-06,-5.876735202829941329e-04
1.280000000000000000e+02,2.999977728283794720e-01,-2.227171620516887884e-06,-5.899006919035110208e-04
1.290000000000000000e+02,2.999973302867695590e-01,-2.669713230429859863e-06,-5.925704051339408807e-04
1.300000000000000000e+02,2.999967851081623005e-01,-3.214891837688416132e-06,-5.957852969716292968e-04
1.310000000000000000e+02,2.999045005779207296e-01,-9.549942207925932181e-05,-6.912847190508886186e-04
1.320000000000000000e+02,3.000014786076111717e-01,1.478607611182791715e-06,-6.898061114397058269e-04
1.330000000000000000e+02,2.999882937695070306e-01,-1.170623049295826945e-05,-7.015123419326640963e-04
1.340000000000000000e+02,2.999945177692939779e-01,-5.482230706010948751e-06,-7.069945726386750451e-04
1.350000000000000000e+02,3.000055287206044308e-01,5.528720604441872410e-06,-7.014658520342331727e-04
1.360000000000000000e+02,2.999908594407511564e-01,-9.140559248832502703e-06,-7.106064112830656754e-04
1.370000000000000000e+02,3.000147711242170390e-01,1.477112421705006895e-05,-6.958352870660156064e-04
1.380000000000000000e+02,2.999874041051974194e-01,-1.259589480256950722e-05,-7.084311818685851136e-04
1.390000000000000000e+02,3.000109806462196715e-01,1.098064621968264376e-05,-6.974505356489024699e-04
1.400000000000000000e+02,3.000135502833415346e-01,1.355028334154573244e-05,-6.839002523073567374e-04
1.410000000000000000e+02,3.000025365007001343e-01,2.536500700145438714e-06,-6.813637516072112987e-04
1.420000000000000000e+02,3.000047213161209370e-01,4.721316120948060302e-06,-6.766424354862632384e-04
1.430000000000000000e+02,2.999818370629820374e-01,-1.816293701795146376e-05,-6.948053725042147022e-04
1.440000000000000000e+02,2.999740973839032376e-01,-2.590261609675126309e-05,-7.207079886009659653e-04
1.450000000000000000e+02,2.999943067848084843e-01,-5.693215191504563677e-06,-7.264012037924705290e-04
1.460000000000000000e+02,2.999963014577595732e-01,-3.698542240415658711e-06,-7.300997460328861877e-04
1.470000000000000000e+02,2.999981477497123961e-01,-1.852250287592838163e-06,-7.319519963204790258e-04
1.480000000000000000e+02,2.999514716542229231e-01,-4.852834577706577335e-05,-7.804803420975447992e-04
1.490000000000000000e+02,2.999825515888112637e-01,-1.744841118872519914e-05,-7.979287532862699983e-04
1.500000000000000000e+02,2.999923097742643319e-01,-7.690225735657030270e-06,-8.056189790219270286e-04
1.510000000000000000e+02,2.999939517879379736e-01,-6.048212062015334567e-06,-8.116671910839423632e-04
1.520000000000000000e+02,2.999811998101550303e-01,-1.880018984495857026e-05,-8.304673809289009334e-04
1.530000000000000000e+02,3.000011060565150323e-01,1.106056515043363220e-06,-8.293613244138575702e-04
1.540000000000000000e+02,2.999962716678017949e-01,-3.728332198194017622e-06,-8.330896566120515878e-04
1.550000000000000000e+02,3.000044518859483200e-01,4.451885948331124609e-06,-8.286377706637204632e-04
1.560000000000000000e+02,3.000019690024554597e-01,1.969002455470825197e-06,-8.266687682082496380e-04
1.570000000000000000e+02,3.000075944880737366e-01,7.594488073747740486e-06,-8.190742801345018975e-04
1.580000000000000000e+02,2.999870092906680163e-01,-1.299070933197254973e-05,-8.320649894664744473e-04
1.590000000000000000e+02,3.000181748165106077e-01,1.817481651061880754e-05,-8.138901729558556397e-04
1.600000000000000000e+02,2.999995467531176851e-01,-4.532468823037483219e-07,-8.143434198381593880e-04
1.610000000000000000e+02,3.000005875696228896e-01,5.875696229007409954e-07,-8.137558502152586470e-04
1.620000000000000000e+02,3.000062169549327362e-01,6.216954932747320584e-06,-8.075388952825113265e-04
1.630000000000000000e+02,3.000004528548374516e-01,4.528548374627128226e-07,-8.070860404450486136e-04
1.640000000000000000e+02,3.000153942690486075e-01,1.539426904861862511e-05,-7.916917713964299885e-04
1.650000000000000000e+02,3.000027589159570685e-01,2.758915957079555170e-06,-7.889328554393504334e-04
1.660000000000000000e+02,3.000042507271435399e-01,4.250727143551014109e-06,-7.846821282957994192e-04
1.670000000000000000e+02,3.000049650442885296e-01,4.965044288540720885e-06,-7.797170840072586984e-04
1.680000000000000000e+02,3.000086179667217912e-01,8.617966721802261532e-06,-7.710991172854564368e-04
1.690000000000000000e+02,2.999964256558352860e-01,-3.574344164702925042e-06,-7.746734614501593619e-04
1.700000000000000000e+02,2.999954914482639290e-01,-4.508551736059907000e-06,-7.791820131862192689e-04
1.710000000000000000e+02,2.999820151359621212e-01,-1.798486403786769827e-05,-7.971668772240869671e-04
1.720000000000000000e+02,3.000010144931407607e-01,1.014493140771843827e-06,-7.961523840833151233e-04
1.730000000000000000e+02,3.000152434979777016e-01,1.524349797771273884e-05,-7.809088861056023845e-04
1.740000000000000000e+02,2.999902913904212154e-01,-9.708609578773508275e-06,-7.906174956843758928e-04
1.750000000000000000e+02,3.000332315096795877e-01,3.323150967959875857e-05,-7.573859860047771342e-04
1.760000000000000000e+02,3.000131898100502625e-01,1.318981005027364262e-05,-7.441961759545034916e-04
1.770000000000000000e+02,3.000058709441704163e-01,5.870944170427438991e-06,-7.383252317840760526e-04
1.780000000000000000e+02,3.000146784227659680e-01,1.467842276597908224e-05,-7.236468090180969703e-04
1.790000000000000000e+02,3.000037382842080103e-01,3.738284208021358523e-06,-7.199085248100756118e-04
1.800000000000000000e+02,3.000009532814091884e-01,9.532814091994801231e-07,-7.189552434008761317e-04
1.810000000000000000e+02,3.000001633987794403e-01,1.633987794513735992e-07,-7.187918446214247581e-04
1.820000000000000000e+02,3.000066107658405645e-01,6.610765840575627550e-06,-7.121810787808491305e-04
1.830000000000000000e+02,2.999950503136634139e-01,-4.949686336574998791e-06,-7.171307651174241293e-04
1.840000000000000000e+02,2.999973149704073805e-01,-2.685029592608412230e-06,-7.198157947100325416e-04
1.850000000000000000e+02,2.999775285478067932e-01,-2.247145219319568454e-05,-7.422872469032282261e-04
1.860000000000000000e+02,2.999984323437651645e-01,-1.567656234824355010e-06,-7.438549031380525811e-04
1.870000000000000000e+02,2.999966368127773286e-01,-3.363187222660268816e-06,-7.472180903607128499e-04
1.880000000000000000e+02,3.000359020800026366e-01,3.590208000264771826e-05,-7.113160103580651317e-04
1.890000000000000000e+02,2.999072748254521525e-01,-9.272517454783635316e-05,-8.040411849059014848e-04
1.900000000000000000e+02,2.999821899666485492e-01,-1.781003335143971356e-05,-8.218512182573411984e-04
1.910000000000000000e+02,3.000085664916377626e-01,8.566491637773676615e-06,-8.132847266195675218e-04
1.920000000000000000e+02,2.999893689451990086e-01,-1.063105480098025524e-05,-8.239157814205477770e-04
1.930000000000000000e+02,2.999884717262090161e-01,-1.152827379097276506e-05,-8.354440552115205421e-04
1.940000000000000000e+02,3.000117791689811964e-01,1.177916898120745515e-05,-8.236648862303130869e-04
1.950000000000000000e+02,3.000081150255974882e-01,8.115025597499325727e-06,-8.155498606328137612e-04
1.960000000000000000e+02,3.000112466754629170e-01,1.124667546292812403e-05,-8.043031851698856372e-04
1.970000000000000000e+02,2.999984146885657510e-01,-1.585311434237901551e-06,-8.058884966041235387e-04
1.980000000000000000e+02,3.000101257580400360e-01,1.012575804004711699e-05,-7.957627385640764217e-04
1.990000000000000000e+02,3.000075013860886708e-01,7.501386088681893938e-06,-7.882613524753945278e-04
2.000000000000000000e+02,3.000025985823043806e-01,2.598582304391694464e-06,-7.856627701710028333e-04
2.010000000000000000e+02,2.999910432464886756e-01,-8.956753511313308991e-06,-7.946195236823161423e-04
2.020000000000000000e+02,2.999647137879263292e-01,-3.528621207365967294e-05,-8.299057357559758152e-04
2.030000000000000000e+02,2.999932792880866117e-01,-6.720711913377197533e-06,-8.366264476693530128e-04
2.040000000000000000e+02,2.999843570490756672e-01,-1.564295092432166356e-05,-8.522693985936746763e-04
2.050000000000000000e+02,3.000077888525644609e-01,7.788852564472037443e-06,-8.444805460292026389e-04
2.060000000000000000e+02,3.000011183560498673e-01,1.118356049878421743e-06,-8.433621899793242171e-04
2.070000000000000000e+02,2.999990372076774547e-01,-9.627923225341561420e-07,-8.443249823018583733e-04
2.080000000000000000e+02,2.999854380754791161e-01,-1.456192452087279321e-05,-8.588869068227311665e-04
2.090000000000000000e+02,3.000075646688402098e-01,7.564668840220889479e-06,-8.513222379825102770e-04
2.100000000000000000e+02,2.999964660604481081e-01,-3.533939551880749264e-06,-8.548561775343910263e-04
2.110000000000000000e+02,3.000113911090850349e-01,1.139110908504603614e-05,-8.434650684493449901e-04
2.120000000000000000e+02,2.999894887448633640e-01,-1.051125513662487521e-05,-8.539763235859698653e-04
2.130000000000000000e+02,2.999800636865986303e-01,-1.993631340135859631e-05,-8.739126369873284617e-04
2.140000000000000000e+02,3.000145215102322238e-01,1.452151023223491322e-05,-8.593911267550935484e-04
2.150000000000000000e+02,3.000025796502344688e-01,2.579650234479924364e-06,-8.568114765206136241e-04
2.160000000000000000e+02,3.000063182099674264e-01,6.318209967437482533e-06,-8.504932665531761415e-04
2.170000000000000000e+02,3.000053910204062979e-01,5.391020406309010582e-06,-8.451022461468671310e-04
2.180000000000000000e+02,3.000041486186615369e-01,4.148618661548031383e-06,-8.409536274853190996e-04
2.190000000000000000e+02,3.000031490080515284e-01,3.149008051539503583e-06,-8.378046194337795960e-04
2.200000000000000000e+02,2.999817539936805999e-01,-1.824600631938899653e-05,-8.560506257531685925e-04
2.210000000000000000e+02,2.999923438845616963e-01,-7.656115438292587783e-06,-8.637067411914611803e-04
2.220000000000000000e+02,3.000035743483992490e-01,3.574348399260074416e-06,-8.601323927922011059e-04
2.230000000000000000e+02,3.000246670097745927e-01,2.466700977460378752e-05,-8.354653830175973184e-04
2.240000000000000000e+02,2.999800670390154744e-01,-1.993296098451446952e-05,-8.553983440021117879e-04
2.250000000000000000e+02,3.000057817210181610e-01,5.781721018172092386e-06,-8.496166229839396955e-04
2.260000000000000000e+02,2.999867545819268067e-01,-1.324541807318224684e-05,-8.628620410571219423e-04
2.270000000000000000e+02,2.999940017311835683e-01,-5.998268816420626592e-06,-8.688603098735425689e-04
2.280000000000000000e+02,2.999939095509335241e-01,-6.090449066464831418e-06,-8.749507589400074004e-04
2.290000000000000000e+02,3.000145886205602408e-01,1.458862056025189702e-05,-8.603621383797555033e-04
2.300000000000000000e+02,3.000042231013533844e-01,4.223101353395541935e-06,-8.561390370263599614e-04
2.310000000000000000e+02,3.000099518314572888e-01,9.951831457299942230e-06,-8.461872055690600192e-04
2.320000000000000000e+02,3.000014783448751721e-01,1.478344875183168483e-06,-8.447088606938768507e-04
2.330000000000000000e+02,3.000104609851182436e-01,1.046098511825466204e-05,-8.342478755756221886e-04
2.340000000000000000e+02,3.000015353843792365e-01,1.535384379247606290e-06,-8.327124911963745824e-04
2.350000000000000000e+02,2.999914403648028527e-01,-8.559635197136206131e-06,-8.412721263935107885e-04
2.360000000000000000e+02,2.999882529036458911e-01,-1.174709635409776354e-05,-8.530192227476085520e-04
2.370000000000000000e+02,2.999736374812823625e-01,-2.636251871762640420e-05,-8.793817414652349562e-04
2.380000000000000000e+02,2.999963760641142785e-01,-3.623935885710416471e-06,-8.830056773509453727e-04
2.390000000000000000e+02,3.000152243241648309e-01,1.522432416484198470e-05,-8.677813531861033880e-04
2.400000000000000000e+02,2.999676755548676965e-01,-3.232444513229237870e-05,-9.001057983183957667e-04
2.410000000000000000e+02,2.999942376425589474e-01,-5.762357441041476847e-06,-9.058681557594372435e-04
2.420000000000000000e+02,3.000016928871479527e-01,1.692887147963784145e-06,-9.041752686114734594e-04
2.430000000000000000e+02,2.999805067068913589e-01,-1.949329310863001652e-05,-9.236685617201034759e-04
2.440000000000000000e+02,3.000183198560215092e-01,1.831985602152030879e-05,-9.053487056985831671e-04
2.450000000000000000e+02,2.999810271854473909e-01,-1.897281455259802740e-05,-9.243215202511811945e-04
2.460000000000000000e+02,3.000045741445335756e-01,4.574144533586732564e-06,-9.197473757175944620e-04
2.470000000000000000e+02,3.000032195631699428e-01,3.219563169953865156e-06,-9.165278125476405968e-04
2.480000000000000000e+02,2.999880979003356485e-01,-1.190209966434041533e-05,-9.284299122119810121e-04
2.490000000000000000e+02,2.999934136956313724e-01,-6.586304368616513472e-06,-9.350162165805975256e-04
2.500000000000000000e+02,3.000147581678135333e-01,1.475816781354444274e-05,-9.202580487670530829e-04
2.510000000000000000e+02,2.999884720676003202e-01,-1.152793239966865002e-05,-9.317859811667217329e-04
2.520000000000000000e+02,3.000180990476596921e-01,1.809904765970316021e-05,-9.136869335070185727e-04
2.530000000000000000e+02,2.999808487724137107e-01,-1.915122758627818556e-05,-9.328381610932967583e-04
2.540000000000000000e+02,2.999981737168052609e-01,-1.826283194727995607e-06,-9.346644442880247539e-04
2.550000000000000000e+02,3.000025139019130704e-01,2.513901913081539874e-06,-9.321505423749432140e-04
2.560000000000000000e+02,2.999980549078007375e-01,-1.945092199251430287e-06,-9.340956345741946443e-04
2.570000000000000000e+02,2.999801338219937885e-01,-1.986617800620038565e-05,-9.539618125803950299e-04
2.580000000000000000e+02,3.000036025575146259e-01,3.602557514637005909e-06,-9.503592550657580240e-04
2.590000000000000000e+02,3.000211099323876196e-01,2.110993238763070323e-05,-9.292493226781273208e-04
2.600000000000000000e+02,3.000126993746283222e-01,1.269937462833325981e-05,-9.165499480497940610e-04
2.610000000000000000e+02,3.000134977738493358e-01,1.349777384934691682e-05,-9.030521742004471442e-04
2.620000000000000000e+02,3.000036120906728887e-01,3.612090672899803678e-06,-8.994400835275473405e-04
2.630000000000000000e+02,3.000067128109726866e-01,6.712810972697713652e-06,-8.927272725548496268e-04
2.640000000000000000e+02,2.999838187805701772e-01,-1.618121942981165517e-05,-9.089084919846612820e-04
2.650000000000000000e+02,3.000151621590470552e-01,1.516215904706630369e-05,-8.937463329375949783e-04
2.660000000000000000e+02,2.999875271629728335e-01,-1.247283702715540343e-05,-9.062191699647503818e-04
2.670000000000000000e+02,3.000133624845641722e-01,1.336248456418331898e-05,-8.928566854005670628e-04
2.680000000000000000e+02,2.999972804232341472e-01,-2.719576765841669186e-06,-8.955762621664087320e-04
2.690000000000000000e+02,2.999930317788514489e-01,-6.968221148540010290e-06,-9.025444833149487422e-04
2.700000000000000000e+02,3.000110788682495144e-01,1.107886824952553084e-05,-8.914656150654232114e-04
2.710000000000000000e+02,2.999829044709228509e-01,-1.709552907713796088e-05,-9.085611441425611723e-04
2.720000000000000000e+02,3.000023012619358886e-01,2.301261935899745481e-06,-9.062598822066614268e-04
2.730000000000000000e+02,3.000074483115813262e-01,7.448311581337296872e-06,-8.988115706253241299e-04
2.740000000000000000e+02,2.999954023791421287e-01,-4.597620857860196253e-06,-9.034091914831843262e-04
2.750000000000000000e+02,3.000102860554553219e-01,1.028605545533300969e-05,-8.931231360278513165e-04
2.760000000000000000e+02,2.999137552980482568e-01,-8.624470195173206122e-05,-9.793678379795833777e-04
2.770000000000000000e+02,2.999889494212095165e-01,-1.105057879047244285e-05,-9.904184167700558206e-04
2.780000000000000000e+02,3.000047155641005769e-01,4.715564100588043317e-06,-9.857028526694677772e-04
2.790000000000000000e+02,2.999932135155099489e-01,-6.786484490040045614e-06,-9.924893371595078229e-04
2.800000000000000000e+02,2.999853033991274898e-01,-1.469660087249913261e-05,-1.007185938032006955e-03
2.810000000000000000e+02,2.999919850673460342e-01,-8.014932653954698338e-06,-1.015200870685961654e-03
2.820000000000000000e+02,3.000048840354189172e-01,4.884035418928345251e-06,-1.010316835267033309e-03
2.830000000000000000e+02,2.999882845187464842e-01,-1.171548125350474479e-05,-1.022032316520538053e-03
2.840000000000000000e+02,2.999993677706500605e-01,-6.322293499283482276e-07,-1.022664545870466402e-03
2.850000000000000000e+02,3.000081291331082034e-01,8.129133108214503523e-06,-1.014535412762251898e-03
2.860000000000000000e+02,2.999970388453214176e-01,-2.961154678571276122e-06,-1.017496567440823174e-03
2.870000000000000000e+02,3.000160702656778366e-01,1.607026567784775040e-05,-1.001426301762975424e-03
2.880000000000000000e+02,3.000099439486419439e-01,9.943948641955024925e-06,-9.914823531210203988e-04
2.890000000000000000e+02,3.000022309055053182e-01,2.230905505329339178e-06,-9.892514476156910597e-04
2.900000000000000000e+02,3.000035665791624395e-01,3.566579162450622675e-06,-9.856848684532404370e-04
2.910000000000000000e+02,2.999946279144560801e-01,-5.372085543908777794e-06,-9.910569539971492148e-04
2.920000000000000000e+02,2.999889139348954070e-01,-1.108606510458187699e-05,-1.002143019101731092e-03
2.930000000000000000e+02,2.999882496906257079e-01,-1.175030937428100941e-05,-1.013893328476012101e-03
2.940000000000000000e+02,3.000114222914709861e-01,1.142229147099715902e-05,-1.002471037005014942e-03
2.950000000000000000e+02,2.999946397128687159e-01,-5.360287131273011596e-06,-1.007831324136287954e-03
2.960000000000000000e+02,2.999581667604563906e-01,-4.183323954359829955e-05,-1.049664563679886253e-03
2.970000000000000000e+02,2.999990373947945543e-01,-9.626052054345635156e-07,-1.050627168885320817e-03
2.980000000000000000e+02,3.000026797673589485e-01,2.679767358959583845e-06,-1.047947401526361233e-03
2.990000000000000000e+02,2.999946939363465903e-01,-5.306063653398584989e-06,-1.053253465179759818e-03
3.000000000000000000e+02,3.000015661968169489e-01,1.566196816960019333e-06,-1.051687268362799799e-03
3.010000000000000000e+02,2.999942206104543319e-01,-5.779389545657043215e-06,-1.057466657908456842e-03
3.020000000000000000e+02,3.000162661131968722e-01,1.626611319688331392e-05,-1.041200544711573528e-03
3.030000000000000000e+02,3.000111352125731656e-01,1.113521257317673374e-05,-1.030065332138396794e-03
3.040000000000000000e+02,2.999887657898168136e-01,-1.123421018317527498e-05,-1.041299542321572069e-03
3.050000000000000000e+02,3.000095069185156338e-01,9.506918515644890988e-06,-1.031792623805927178e-03
3.060000000000000000e+02,3.000016654404471517e-01,1.665440447162769289e-06,-1.030127183358764409e-03
3.070000000000000000e+02,2.999847846508336136e-01,-1.521534916637534707e-05,-1.045342532525139756e-03
3.080000000000000000e+02,2.999955318391098746e-01,-4.468160890114258876e-06,-1.049810693415254015e-03
3.090000000000000000e+02,2.999854093085723150e-01,-1.459069142767388527e-05,-1.064401384842927900e-03
3.100000000000000000e+02,2.999991695952241022e-01,-8.304047758866950346e-07,-1.065231789618814595e-03
3.110000000000000000e+02,2.999910699687872717e-01,-8.930031212717182143e-06,-1.074161820831531777e-03
3.120000000000000000e+02,3.000044187730885881e-01,4.418773088599170507e-06,-1.069743047742932607e-03
3.130000000000000000e+02,2.999981105954485638e-01,-1.889404551425055701e-06,-1.071632452294357662e-03
3.140000000000000000e+02,2.999931467559513454e-01,-6.853244048643514219e-06,-1.078485696343001177e-03
3.150000000000000000e+02,3.000177039165739523e-01,1.770391657396341856e-05,-1.060781779769037758e-03
3.160000000000000000e+02,2.999865041254066167e-01,-1.349587459337220352e-05,-1.074277654362409962e-03
3.170000000000000000e+02,3.000038814238515927e-01,3.881423851603837960e-06,-1.070396230510806124e-03
3.180000000000000000e+02,2.999941586908893010e-01,-5.841309110687920025e-06,-1.076237539621494044e-03
3.190000000000000000e+02,2.999955975187016954e-01,-4.402481298293459133e-06,-1.080640020919787503e-03
3.200000000000000000e+02,2.999878780225215813e-01,-1.212197747840759732e-05,-1.092761998398195100e-03
3.210000000000000000e+02,3.000066229835422482e-01,6.622983542259319734e-06,-1.086139014855935780e-03
3.220000000000000000e+02,3.000049531795276891e-01,4.953179527700246609e-06,-1.081185835328235534e-03
3.230000000000000000e+02,3.000141197173302743e-01,1.411971733028538623e-05,-1.067066117997950148e-03
3.240000000000000000e+02,3.000079726076109732e-01,7.972607610984283610e-06,-1.059093510386965864e-03
3.250000000000000000e+02,2.999819366088745665e-01,-1.806339112542243441e-05,-1.077156901512388298e-03
3.260000000000000000e+02,2.999909847177911204e-01,-9.015282208868491409e-06,-1.086172183721256790e-03
3.270000000000000000e+02,3.000092151843919419e-01,9.215184391953012977e-06,-1.076956999329303777e-03
3.280000000000000000e+02,2.999752205656502357e-01,-2.477943434975315995e-05,-1.101736433679056937e-03
3.290000000000000000e+02,3.000062413124248151e-01,6.241312424826173100e-06,-1.095495121254230764e-03
3.300000000000000000e+02,3.000083934912406991e-01,8.393491240710204693e-06,-1.087101630013520559e-03
3.310000000000000000e+02,2.999982964872732194e-01,-1.703512726769496055e-06,-1.088805142740290055e-03
3.320000000000000000e+02,2.999932900033612238e-01,-6.709996638765147736e-06,-1.095515139379055203e-03
3.330000000000000000e+02,2.999959290278809143e-01,-4.070972119074589557e-06,-1.099586111498129792e-03
3.340000000000000000e+02,3.000007704082163773e-01,7.704082163884073964e-07,-1.098815703281741385e-03
3.350000000000000000e+02,2.999983736735611362e-01,-1.626326438852743195e-06,-1.100442029720594128e-03
3.360000000000000000e+02,2.999766134501185011e-01,-2.338654988148780589e-05,-1.123828579602081934e-03
3.370000000000000000e+02,2.999993031389365239e-01,-6.968610634650040936e-07,-1.124525440665546938e-03
3.380000000000000000e+02,2.999950348601108652e-01,-4.965139889123726391e-06,-1.129490580554670665e-03
3.390000000000000000e+02,2.999989628168941436e-01,-1.037183105845329578e-06,-1.130527763660515994e-03
3.400000000000000000e+02,3.000175615841235710e-01,1.756158412358210796e-05,-1.112966179536933886e-03
3.410000000000000000e+02,3.000125625928671269e-01,1.256259286713801160e-05,-1.100403586669795875e-03
3.420000000000000000e+02,3.000033049451727440e-01,3.304945172755147098e-06,-1.097098641497040727e-03
3.430000000000000000e+02,3.000069515990461122e-01,6.951599046123302372e-06,-1.090147042450917425e-03
3.440000000000000000e+02,2.999970961737543074e-01,-2.903826245681528917e-06,-1.093050868696598954e-03
3.450000000000000000e+02,2.999850282992851391e-01,-1.497170071484976717e-05,-1.108022569411448721e-03
3.460000000000000000e+02,2.999779662180027673e-01,-2.203378199722161312e-05,-1.130056351408670334e-03
3.470000000000000000e+02,2.999937561799115859e-01,-6.243820088402962654e-06,-1.136300171497073297e-03
3.480000000000000000e+02,2.999994604583311464e-01,-5.395416688425136442e-07,-1.136839713165915811e-03
3.490000000000000000e+02,2.999855447812633247e-01,-1.445521873666422152e-05,-1.151294931902580032e-03
3.500000000000000000e+02,2.999915803958771443e-01,-8.419604122844592808e-06,-1.159714536025424625e-03
3.510000000000000000e+02,3.000220089457917849e-01,2.200894579179601962e-05,-1.137705590233628605e-03
3.520000000000000000e+02,3.000087633267046194e-01,8.763326704630536312e-06,-1.128942263528998069e-03
3.530000000000000000e+02,3.000069541714797672e-01,6.954171479778281650e-06,-1.121988092049219787e-03
3.540000000000000000e+02,2.999971811588614257e-01,-2.818841138563232818e-06,-1.124806933187783020e-03
3.550000000000000000e+02,2.999833091145088781e-01,-1.669088549111075181e-05,-1.141497818678893772e-03
3.560000000000000000e+02,3.000145603560578356e-01,1.456035605784666842e-05,-1.126937462621047104e-03
3.570000000000000000e+02,2.999881154575920195e-01,-1.188454240796943395e-05,-1.138822005029016537e-03
3.580000000000000000e+02,3.000043417303334126e-01,4.341730333423665655e-06,-1.134480274695592872e-03
3.590000000000000000e+02,3.000090786810380439e-01,9.078681038054980945e-06,-1.125401593657537891e-03
3.600000000000000000e+02,2.999816001928484743e-01,-1.839980715151456891e-05,-1.143801400809052460e-03
3.610000000000000000e+02,2.999815208884885065e-01,-1.847911151148240450e-05,-1.162280512320534864e-03
3.620000000000000000e+02,3.000076071554383939e-01,7.607155438404955561e-06,-1.154673356882129909e-03
3.630000000000000000e+02,2.999896247655969850e-01,-1.037523440300391897e-05,-1.165048591285133828e-03
3.640000000000000000e+02,2.999951040622434451e-01,-4.895937756543844444e-06,-1.169944529041677672e-03
3.650000000000000000e+02,2.999981770693400107e-01,-1.822930659978183598e-06,-1.171767459701655856e-03
3.660000000000000000e+02,2.999999624328880121e-01,-3.756711197677731207e-08,-1.171805026813632633e-03
3.670000000000000000e+02,2.999801385473657711e-01,-1.986145263421779106e-05,-1.191666479447850424e-03
3.680000000000000000e+02,2.999959481695114172e-01,-4.051830488571717126e-06,-1.195718309936422141e-03
3.690000000000000000e+02,2.999980851294500317e-01,-1.914870549957203849e-06,-1.197633180486379345e-03
3.700000000000000000e+02,3.000204396946515861e-01,2.043969465159722887e-05,-1.177193485834782116e-03
3.710000000000000000e+02,2.999995253611660861e-01,-4.746388339027518555e-07,-1.177668124668684868e-03
3.720000000000000000e+02,2.999932883660854643e-01,-6.711633914524561817e-06,-1.184379758583209430e-03
3.730000000000000000e+02,2.999921320655543067e-01,-7.867934445682234212e-06,-1.192247693028891664e-03
3.740000000000000000e+02,3.000177706693357704e-01,1.777066933578153041e-05,-1.174477023693110134e-03
3.750000000000000000e+02,3.000296631764752808e-01,2.966317647529193025e-05,-1.144813847217818203e-03
3.760000000000000000e+02,2.999867932814972438e-01,-1.320671850274512948e-05,-1.158020565720563333e-03
3.770000000000000000e+02,3.000033752587885627e-01,3.375258788573809454e-06,-1.154645306931989523e-03
3.780000000000000000e+02,3.000123124244532535e-01,1.231242445326463653e-05,-1.142332882478724887e-03
3.790000000000000000e+02,3.000073998122356200e-01,7.399812235631131330e-06,-1.134933070243093756e-03
3.800000000000000000e+02,2.999693962064579611e-01,-3.060379354202780178e-05,-1.165536863785121557e-03
3.810000000000000000e+02,3.000060300832479987e-01,6.030083248009798780e-06,-1.159506780537111759e-03
3.820000000000000000e+02,2.999844163966375321e-01,-1.558360336245678823e-05,-1.175090383899568547e-03
3.830000000000000000e+02,2.999820576700950592e-01,-1.794232990492972135e-05,-1.193032713804498268e-03
3.840000000000000000e+02,3.000040379629269061e-01,4.037962926917160189e-06,-1.188994750877581108e-03
3.850000000000000000e+02,3.000089092319744855e-01,8.909231974496556461e-06,-1.180085518903084552e-03
3.860000000000000000e+02,2.999870373498566556e-01,-1.296265014333330967e-05,-1.193048169046417861e-03
3.870000000000000000e+02,2.999773057835024570e-01,-2.269421649753189385e-05,-1.215742385543949755e-03
3.880000000000000000e+02,3.000086368038042961e-01,8.636803804307202626e-06,-1.207105581739642552e-03
3.890000000000000000e+02,2.999893838532086132e-01,-1.061614679137568018e-05,-1.217721728531018233e-03
3.900000000000000000e+02,3.000226436250315043e-01,2.264362503151540196e-05,-1.195078103499502831e-03
3.910000000000000000e+02,3.000052025457177196e-01,5.202545717730711061e-06,-1.189875557781772120e-03
3.920000000000000000e+02,3.000021655267028353e-01,2.165526702846420903e-06,-1.187710031078925699e-03
3.930000000000000000e+02,3.000035313390656544e-01,3.531339065665495269e-06,-1.184178692013260203e-03
3.940000000000000000e+02,3.000061046148185806e-01,6.104614818591702630e-06,-1.178074077194668501e-03
3.950000000000000000e+02,2.999966592915755403e-01,-3.340708424448557423e-06,-1.181414785619117058e-03
3.960000000000000000e+02,2.999934026871073911e-01,-6.597312892597795297e-06,-1.188012098511714854e-03
3.970000000000000000e+02,2.999774639497095330e-01,-2.253605029045591124e-05,-1.210548148802170765e-03
3.980000000000000000e+02,3.000015900181220996e-01,1.590018122110681276e-06,-1.208958130680060084e-03
3.990000000000000000e+02,3.000108276173711341e-01,1.082761737114523726e-05,-1.198130513308914846e-03
4.000000000000000000e+02,2.999660286515823393e-01,-3.397134841764959390e-05,-1.232101861726564440e-03
4.010000000000000000e+02,3.000033366212270236e-01,3.336621227034708426e-06,-1.228765240499529732e-03
4.020000000000000000e+02,2.999832336492870843e-01,-1.676635071290455414e-05,-1.245531591212434286e-03
4.030000000000000000e+02,3.000183125984560717e-01,1.831259845608279591e-05,-1.227218992756351490e-03
4.040000000000000000e+02,2.999790333488652205e-01,-2.096665113476836595e-05,-1.248185643891119856e-03
4.050000000000000000e+02,2.999936458101271075e-01,-6.354189872881388368e-06,-1.254539833764001244e-03
4.060000000000000000e+02,2.999976549877286791e-01,-2.345012271309787621e-06,-1.256884846035311032e-03
4.070000000000000000e+02,3.000132312502900023e-01,1.323125029001337438e-05,-1.243653595745297658e-03
4.080000000000000000e+02,2.999095904976256666e-01,-9.040950237432232584e-05,-1.334063098119619983e-03
4.090000000000000000e+02,2.999885011437581350e-01,-1.149885624185387201e-05,-1.345561954361473855e-03
4.100000000000000000e+02,3.000021823930318909e-01,2.182393031902041258e-06,-1.343379561329571814e-03
4.110000000000000000e+02,2.999130437418596751e-01,-8.695625814031382461e-05,-1.430335819469885639e-03
4.120000000000000000e+02,3.000049841464152989e-01,4.984146415309975708e-06,-1.425351673054575663e-03
4.130000000000000000e+02,3.000150187853788952e-01,1.501878537890632970e-05,-1.410332887675669333e-03
4.140000000000000000e+02,3.000012769103435617e-01,1.276910343572801310e-06,-1.409055977332096532e-03
4.150000000000000000e+02,2.999889592658308013e-01,-1.104073416918760486e-05,-1.420096711501284137e-03
4.160000000000000000e+02,3.000121097476034504e-01,1.210974760346150703e-05,-1.407986963897822630e-03
4.170000000000000000e+02,2.999754643852734493e-01,-2.453561472653964515e-05,-1.432522578624362275e-03
4.180000000000000000e+02,2.999073363114813651e-01,-9.266368851862383238e-05,-1.525186267142986107e-03
4.190000000000000000e+02,3.000129301770976253e-01,1.293017709763644163e-05,-1.512256090045349666e-03
4.200000000000000000e+02,2.999974002394116268e-01,-2.599760588362087788e-06,-1.514855850633711754e-03
4.210000000000000000e+02,3.000015739924583591e-01,1.573992458370199188e-06,-1.513281858175341554e-03
4.220000000000000000e+02,3.000287880374569727e-01,2.878803745698377270e-05,-1.484493820718357782e-03
4.230000000000000000e+02,3.000009940268456576e-01,9.940268456687384457e-07,-1.483499793872689043e-03
4.240000000000000000e+02,3.000026598239178277e-01,2.659823917838810559e-06,-1.480839969954850233e-03
4.250000000000000000e+02,3.000227944030493532e-01,2.279440304936430906e-05,-1.458045566905485924e-03
4.260000000000000000e+02,3.000053707624798505e-01,5.370762479861568295e-06,-1.452674804425624355e-03
4.270000000000000000e+02,2.999960443416562206e-01,-3.955658343768320151e-06,-1.456630462769392675e-03
4.280000000000000000e+02,3.000018296278392782e-01,1.829627839289305058e-06,-1.454800834930103370e-03
4.290000000000000000e+02,2.999883567824057073e-01,-1.164321759428155190e-05,-1.466444052524384922e-03
4.300000000000000000e+02,3.000033514904091869e-01,3.351490409198021325e-06,-1.463092562115186901e-03
4.310000000000000000e+02,3.000008791046557821e-01,8.791046557932169492e-07,-1.462213457459393684e-03
4.320000000000000000e+02,2.999966949383146564e-01,-3.305061685332510990e-06,-1.465518519144726195e-03
4.330000000000000000e+02,3.000189006753112286e-01,1.890067531123973410e-05,-1.446617843833486461e-03
4.340000000000000000e+02,2.999987362759698462e-01,-1.263724030142743260e-06,-1.447881567863629204e-03
4.350000000000000000e+02,3.000257728438078808e-01,2.577284380789190976e-05,-1.422108724055737294e-03
4.360000000000000000e+02,3.000139008990242995e-01,1.390089902431057567e-05,-1.408207825031426719e-03
4.370000000000000000e+02,3.000037412428017691e-01,3.741242801780231275e-06,-1.404466582229646487e-03
4.380000000000000000e+02,2.999920701024603176e-01,-7.929897539671326712e-06,-1.412396479769317814e-03
4.390000000000000000e+02,3.000241977375385782e-01,2.419773753858933674e-05,-1.388198742230728477e-03
4.400000000000000000e+02,3.000156856441145159e-01,1.568564411452699758e-05,-1.372513098116201480e-03
4.410000000000000000e+02,3.000162187367407807e-01,1.621873674079177263e-05,-1.356294361375409707e-03
4.420000000000000000e+02,3.000163834780821825e-01,1.638347808219364765e-05,-1.339910883293216060e-03
4.430000000000000000e+02,2.999889054630956453e-01,-1.109453690434358819e-05,-1.351005420197559648e-03
4.440000000000000000e+02,2.999885656796960065e-01,-1.143432030398239263e-05,-1.362439740501542040e-03
4.450000000000000000e+02,3.000097791273723113e-01,9.779127372322449219e-06,-1.352660613129219591e-03
4.460000000000000000e+02,3.000154631251750748e-01,1.546312517508585671e-05,-1.337197487954133734e-03
4.470000000000000000e+02,3.000197662421583700e-01,1.976624215838107546e-05,-1.317431245795752659e-03
4.480000000000000000e+02,2.999941751038077142e-01,-5.824896192274664486e-06,-1.323256141988027323e-03
4.490000000000000000e+02,2.998988941818238052e-01,-1.011058181761836927e-04,-1.424361960164211016e-03
4.500000000000000000e+02,3.000071278548323561e-01,7.127854832367219728e-06,-1.417234105331843796e-03
4.510000000000000000e+02,2.999955542443145107e-01,-4.445755685478225416e-06,-1.421679861017322022e-03
4.520000000000000000e+02,2.999836956869432747e-01,-1.630431305671420361e-05,-1.437984174074036225e-03
4.530000000000000000e+02,3.000132462618066986e-01,1.324626180670973596e-05,-1.424737912267326490e-03
4.540000000000000000e+02,2.999804807159447972e-01,-1.951928405519165466e-05,-1.444257196322518144e-03
4.550000000000000000e+02,3.000016655204912897e-01,1.665520491300753747e-06,-1.442591675831217390e-03
4.560000000000000000e+02,2.999963004604239702e-01,-3.699539576018651132e-06,-1.446291215407236042e-03
4.570000000000000000e+02,3.000160470801700452e-01,1.604708017005629372e-05,-1.430244135237179748e-03
4.580000000000000000e+02,3.000036128593433493e-01,3.612859343360419473e-06,-1.426631275893819328e-03
4.590000000000000000e+02,3.000011569294915303e-01,1.156929491541447419e-06,-1.425474346402277881e-03
4.600000000000000000e+02,3.000114593708748667e-01,1.145937087487780559e-05,-1.414014975527400075e-03
4.610000000000000000e+02,3.000148494127380938e-01,1.484941273810491680e-05,-1.399165562789295159e-03
4.620000000000000000e+02,3.000003711642396098e-01,3.711642396209136052e-07,-1.398794398549674245e-03
4.630000000000000000e+02,3.000050427552702348e-01,5.042755270245891097e-06,-1.393751643279428354e-03
4.640000000000000000e+02,2.999651456564806362e-01,-3.485434351935268182e-05,-1.428605986798781036e-03
4.650000000000000000e+02,3.000072349557704188e-01,7.234955770429873922e-06,-1.421371031028351162e-03
4.660000000000000000e+02,2.999824693008354970e-01,-1.753069916449190302e-05,-1.438901730192843065e-03
4.670000000000000000e+02,2.999711296343068323e-01,-2.887036569315659662e-05,-1.467772095885999661e-03
4.680000000000000000e+02,2.999877729885470079e-01,-1.222701145298099590e-05,-1.479999107338980657e-03
4.690000000000000000e+02,2.999916893495578885e-01,-8.310650442100442348e-06,-1.488309757781081100e-03
4.700000000000000000e+02,2.999892433184558338e-01,-1.075668154415510003e-05,-1.499066439325236200e-03
4.710000000000000000e+02,2.999927410162509522e-01,-7.258983749036662658e-06,-1.506325423074272862e-03
4.720000000000000000e+02,2.999986891201523731e-01,-1.310879847615797900e-06,-1.507636302921888660e-03
4.730000000000000000e+02,3.000060235391562302e-01,6.023539156241319859e-06,-1.501612763765647340e-03
4.740000000000000000e+02,2.999821559477329758e-01,-1.784405226701313296e-05,-1.519456816032660473e-03
4.750000000000000000e+02,2.999923503067948860e-01,-7.649693205102892080e-06,-1.527106509237763365e-03
4.760000000000000000e+02,2.999906748887201102e-01,-9.325111279878672832e-06,-1.536431620517642038e-03
4.770000000000000000e+02,2.999920962531341107e-01,-7.903746865878247263e-06,-1.544335367383520286e-03
4.780000000000000000e+02,3.000022093991264738e-01,2.209399126484878906e-06,-1.542125968257035407e-03
4.790000000000000000e+02,3.000256260496534377e-01,2.562604965344883468e-05,-1.516499918603586572e-03
4.800000000000000000e+02,2.999939723255619084e-01,-6.027674438080499186e-06,-1.522527593041667071e-03
4.810000000000000000e+02,3.000159168816768362e-01,1.591688167684734978e-05,-1.506610711364819721e-03
4.820000000000000000e+02,3.000101994444981379e-01,1.019944449814902399e-05,-1.496411266866670697e-03
4.830000000000000000e+02,2.999952483827943994e-01,-4.751617205589475645e-06,-1.501162884072260173e-03
4.840000000000000000e+02,2.999853376424696516e-01,-1.466235753033728884e-05,-1.515825241602597462e-03
4.850000000000000000e+02,3.000003904536146515e-01,3.904536146626114146e-07,-1.515434787987934850e-03
4.860000000000000000e+02,2.999899250718089383e-01,-1.007492819105060278e-05,-1.525509716178985453e-03
4.870000000000000000e+02,3.000060717378346675e-01,6.071737834678625489e-06,-1.519437978344306828e-03
4.880000000000000000e+02,3.000283757068120116e-01,2.837570681202272738e-05,-1.491062271532284100e-03
4.890000000000000000e+02,2.999904996293903392e-01,-9.500370609649699816e-06,-1.500562642141933800e-03
4.900000000000000000e+02,3.000149737053356414e-01,1.497370533565245410e-05,-1.485588936806281346e-03
4.910000000000000000e+02,2.999800172642023699e-01,-1.998273579761900010e-05,-1.505571672603900346e-03
4.920000000000000000e+02,3.000035316273892416e-01,3.531627389252722793e-06,-1.502040045214647623e-03
4.930000000000000000e+02,2.999837577887932705e-01,-1.624221120671842655e-05,-1.518282256421366050e-03
4.940000000000000000e+02,2.999919299323758892e-01,-8.070067624099674930e-06,-1.526352324045465725e-03
4.950000000000000000e+02,3.000101925726121888e-01,1.019257261219985722e-05,-1.516159751433265868e-03
4.960000000000000000e+02,2.999984722667304871e-01,-1.527733269501840851e-06,-1.517687484702767708e-03
4.970000000000000000e+02,2.999980864847359707e-01,-1.913515264018172957e-06,-1.519600999966785881e-03
4.980000000000000000e+02,3.000091327778467987e-01,9.132777846809769784e-06,-1.510468222119976112e-03
4.990000000000000000e+02,2.999988520874210529e-01,-1.147912578935983419e-06,-1.511616134698912095e-03
