0.000000000000000000e+00,3.000221024495751121e-01,2.210244957512319530e-05,2.210244957512319530e-05
1.000000000000000000e+00,2.999894309188836927e-01,-1.056908111629617508e-05,1.153336845882702022e-05
2.000000000000000000e+00,2.999935105309030070e-01,-6.489469096981892449e-06,5.043899361845127771e-06
3.000000000000000000e+00,3.000025455416927000e-01,2.545541692711150716e-06,7.589441054556278488e-06
4.000000000000000000e+00,2.999993057036959843e-01,-6.942963040046379319e-07,6.895144750551640556e-06
5.000000000000000000e+00,3.000159353274113871e-01,1.593532741139824793e-05,2.283047216194988849e-05
6.000000000000000000e+00,2.999961886247872189e-01,-3.811375212769974041e-06,1.901909694917991445e-05
7.000000000000000000e+00,3.000074624219364883e-01,7.462421936499374908e-06,2.648151888567928935e-05
8.000000000000000000e+00,3.000114681561827368e-01,1.146815618274787951e-05,3.794967506842716887e-05
9.000000000000000000e+00,3.000149265937088749e-01,1.492659370888604897e-05,5.287626877731321784e-05
1.000000000000000000e+01,2.999826700960991910e-01,-1.732990390079791609e-05,3.554636487651530175e-05
1.100000000000000000e+01,2.999967531375220542e-01,-3.246862477934708835e-06,3.229950239858059291e-05
1.200000000000000000e+01,3.000244700376503149e-01,2.447003765032595979e-05,5.676954004890655270e-05
1.300000000000000000e+01,2.999973074213797553e-01,-2.692578620233643250e-06,5.407696142867290945e-05
1.400000000000000000e+01,3.000037473214181016e-01,3.747321418112736779e-06,5.782428284678564623e-05
1.500000000000000000e+01,3.000064529153865234e-01,6.452915386534474607e-06,6.427719823332012083e-05
1.600000000000000000e+01,2.999938953470331904e-01,-6.104652966798518321e-06,5.817254526652160251e-05
1.700000000000000000e+01,3.000022902211795239e-01,2.290221179535034679e-06,6.046276644605663719e-05
1.800000000000000000e+01,2.999825922592448402e-01,-1.740774075514872621e-05,4.305502569090791098e-05
1.900000000000000000e+01,2.999957915033450995e-01,-4.208496654889426480e-06,3.884652903601848450e-05
2.000000000000000000e+01,3.000007953575800079e-01,7.953575800190293421e-07,3.964188661603751385e-05
2.100000000000000000e+01,3.000224751161171266e-01,2.247511611713770563e-05,6.211700273317521948e-05
2.200000000000000000e+01,2.999975995698018760e-01,-2.400430198112868396e-06,5.971657253506235108e-05
2.300000000000000000e+01,3.000160382243428070e-01,1.603822434281809706e-05,7.575479687788044814e-05
2.400000000000000000e+01,2.999967638285941929e-01,-3.236171405796017808e-06,7.251862547208443033e-05
2.500000000000000000e+01,3.000017298371396857e-01,1.729837139696766002e-06,7.424846261178119633e-05
2.600000000000000000e+01,2.999849086811163246e-01,-1.509131888366432861e-05,5.915714372811686772e-05
2.700000000000000000e+01,2.999733746828239789e-01,-2.662531717601002157e-05,3.253182655210684615e-05
2.800000000000000000e+01,2.999974637374945297e-01,-2.536262505459241368e-06,2.999556404664760478e-05
2.900000000000000000e+01,3.000151576315125412e-01,1.515763151255233865e-05,4.515319555919994343e-05
3.000000000000000000e+01,2.999997864639878387e-01,-2.135360121502394293e-07,4.493965954704970400e-05
3.100000000000000000e+01,2.999917889507102697e-01,-8.211049289719163369e-06,3.672861025733054063e-05
3.200000000000000000e+01,2.999780143711298086e-01,-2.198562887018029599e-05,1.474298138715024464e-05
3.300000000000000000e+01,3.000265785219922710e-01,2.657852199228205592e-05,4.132150337943230056e-05
3.400000000000000000e+01,2.999964647510716675e-01,-3.535248928321355066e-06,3.778625445111094550e-05
3.500000000000000000e+01,2.999939910560997514e-01,-6.008943900237539992e-06,3.177731055087340550e-05
3.600000000000000000e+01,3.000074199137793274e-01,7.419913779338482840e-06,3.919722433021188834e-05
3.700000000000000000e+01,3.000039118000217830e-01,3.911800021794142879e-06,4.310902435200603122e-05
3.800000000000000000e+01,2.999688268904514010e-01,-3.117310954858787397e-05,1.193591480341815725e-05
3.900000000000000000e+01,2.999810864384997999e-01,-1.891356150018896898e-05,-6.977646696770811729e-06
4.000000000000000000e+01,3.000076072123859516e-01,7.607212385962736079e-06,6.295656891919243492e-07
4.100000000000000000e+01,3.000148976907400233e-01,1.489769074003444160e-05,1.552725642922636595e-05
4.200000000000000000e+01,2.999947979841494639e-01,-5.202015850525043561e-06,1.032524057870132239e-05
4.300000000000000000e+01,2.999773652452481509e-01,-2.263475475183795993e-05,-1.230951417313663754e-05
4.400000000000000000e+01,3.000113406142339012e-01,1.134061423391230505e-05,-9.688999392243324849e-07
4.500000000000000000e+01,2.999849466564636358e-01,-1.505334353635312539e-05,-1.602224347557745787e-05
4.600000000000000000e+01,3.000137762909140249e-01,1.377629091403598238e-05,-2.245952561541475490e-06
4.700000000000000000e+01,2.999936970208955112e-01,-6.302979104477746120e-06,-8.548931666019221609e-06
4.800000000000000000e+01,2.999954541287539467e-01,-4.545871246042221259e-06,-1.309480291206144287e-05
4.900000000000000000e+01,3.000215041471835375e-01,2.150414718354864974e-05,8.409344271487206868e-06
5.000000000000000000e+01,3.000065713297039305e-01,6.571329703941586331e-06,1.498067397542879320e-05
5.100000000000000000e+01,2.999886347792238284e-01,-1.136522077616053394e-05,3.615453199268259254e-06
5.200000000000000000e+01,3.000075722372957387e-01,7.572237295749850716e-06,1.118769049501810997e-05
5.300000000000000000e+01,2.999749469840012339e-01,-2.505301599875497942e-05,-1.386532550373686945e-05
5.400000000000000000e+01,2.999990974996495363e-01,-9.025003504525841436e-07,-1.476782585418945359e-05
5.500000000000000000e+01,3.000077826173768725e-01,7.782617376883571580e-06,-6.985208477305882013e-06
5.600000000000000000e+01,3.000044375128902430e-01,4.437512890254069475e-06,-2.547695587051812538e-06
5.700000000000000000e+01,2.999994671659410028e-01,-5.328340589860758314e-07,-3.080529646037888369e-06
5.800000000000000000e+01,2.999908410734000164e-01,-9.158926599972527782e-06,-1.223945624601041615e-05
5.900000000000000000e+01,3.000034131520900593e-01,3.413152090070425970e-06,-8.826304155939990181e-06
6.000000000000000000e+01,3.000088788687747532e-01,8.878868774764292482e-06,5.256461882430230048e-08
6.100000000000000000e+01,2.999938632979459729e-01,-6.136702054015952257e-06,-6.084137435191649956e-06
6.200000000000000000e+01,3.000022955229100230e-01,2.295522910034097919e-06,-3.788614525157552038e-06
6.300000000000000000e+01,2.999882272901844282e-01,-1.177270981556066687e-05,-1.556132434071821891e-05
6.400000000000000000e+01,2.999886550066065416e-01,-1.134499339344730018e-05,-2.690631773416551908e-05
6.500000000000000000e+01,2.999952306452323691e-01,-4.769354767619748969e-06,-3.167567250178526805e-05
6.600000000000000000e+01,2.999816480355624315e-01,-1.835196443755737761e-05,-5.002763693934264566e-05
6.700000000000000000e+01,3.000155658691031069e-01,1.556586910311796856e-05,-3.446176783622467710e-05
6.800000000000000000e+01,2.999995187275740771e-01,-4.812724259117828751e-07,-3.494304026213645997e-05
6.900000000000000000e+01,3.000186396024792090e-01,1.863960247922014091e-05,-1.630343778291631907e-05
7.000000000000000000e+01,3.000075555564091223e-01,7.555556409133412643e-06,-8.747881373782906422e-06
7.100000000000000000e+01,3.000210084142635458e-01,2.100841426355692931e-05,1.226053288977402289e-05
7.200000000000000000e+01,3.000092718728870067e-01,9.271872887017806875e-06,2.153240577679182977e-05
7.300000000000000000e+01,2.999148940604913771e-01,-8.510593950861178314e-05,-6.357353373181995337e-05
7.400000000000000000e+01,3.000141421811989839e-01,1.414218119899501858e-05,-4.943135253282493480e-05
7.500000000000000000e+01,3.000013550974059418e-01,1.355097405952854217e-06,-4.807625512687208058e-05
7.600000000000000000e+01,3.000109390681134913e-01,1.093906811350242592e-05,-3.713718701336965466e-05
7.700000000000000000e+01,2.999847901320994992e-01,-1.520986790048972637e-05,-5.234705491385938103e-05
7.800000000000000000e+01,2.999995095180218452e-01,-4.904819781437197435e-07,-5.283753689200310077e-05
7.900000000000000000e+01,3.000149909628309630e-01,1.499096283097411941e-05,-3.784657406102898136e-05
8.000000000000000000e+01,3.000061042942802625e-01,6.104294280273592221e-06,-3.174227978075538914e-05
8.100000000000000000e+01,2.999982513541145090e-01,-1.748645885479849227e-06,-3.349092566623523837e-05
8.200000000000000000e+01,3.000167035471347776e-01,1.670354713478872100e-05,-1.678737853144651737e-05
8.300000000000000000e+01,2.999948429160976260e-01,-5.157083902362913364e-06,-2.194446243380943073e-05
8.400000000000000000e+01,2.999930239755666528e-01,-6.976024433336114328e-06,-2.892048686714554506e-05
8.500000000000000000e+01,2.999949369987348624e-01,-5.063001265126487738e-06,-3.398348813227203280e-05
8.600000000000000000e+01,2.999700377004904661e-01,-2.996229950952278287e-05,-6.394578764179481567e-05
8.700000000000000000e+01,2.999958617187773458e-01,-4.138281222643147572e-06,-6.808406886443796324e-05
8.800000000000000000e+01,2.999915038008473811e-01,-8.496199152607797345e-06,-7.658026801704576059e-05
8.900000000000000000e+01,3.000179626312283188e-01,1.796263122832986170e-05,-5.861763678871589889e-05
9.000000000000000000e+01,3.000018805452903115e-01,1.880545290322555019e-06,-5.673709149839334387e-05
9.100000000000000000e+01,2.999951584266906668e-01,-4.841573309322111385e-06,-6.157866480771545525e-05
9.200000000000000000e+01,3.000097639912689407e-01,9.763991268951777158e-06,-5.181467353876367810e-05
9.300000000000000000e+01,2.999944510532830400e-01,-5.548946716948943703e-06,-5.736362025571262180e-05
9.400000000000000000e+01,2.999510952355763926e-01,-4.890476442359625864e-05,-1.062683846793088804e-04
9.500000000000000000e+01,2.999966604973591799e-01,-3.339502640808955647e-06,-1.096078873201178361e-04
9.600000000000000000e+01,3.000031617123206096e-01,3.161712320620679861e-06,-1.064461749994971562e-04
9.700000000000000000e+01,2.999915908736661696e-01,-8.409126333819294530e-06,-1.148553013333164508e-04
9.800000000000000000e+01,3.000238896401152267e-01,2.388964011523775355e-05,-9.096566121807869720e-05
9.900000000000000000e+01,2.999879596269886539e-01,-1.204037301133498161e-05,-1.030060342294136788e-04
1.000000000000000000e+02,2.999781322637345982e-01,-2.186773626539073589e-05,-1.248737704948044147e-04
1.010000000000000000e+02,3.000158098948942365e-01,1.580989489424755590e-05,-1.090638756005568588e-04
1.020000000000000000e+02,3.000170246556683740e-01,1.702465566838506916e-05,-9.203921993217178965e-05
1.030000000000000000e+02,3.000104288240603156e-01,1.042882406032674680e-05,-8.161039587184504285e-05
1.040000000000000000e+02,3.000095081055828561e-01,9.508105582867187877e-06,-7.210229028897785497e-05
1.050000000000000000e+02,2.999888739939866600e-01,-1.112600601332891515e-05,-8.322829630230677012e-05
1.060000000000000000e+02,3.000022193851057950e-01,2.219385105806104264e-06,-8.100891119650066585e-05
1.070000000000000000e+02,3.000109595488130720e-01,1.095954881308314199e-05,-7.004936238341752386e-05
1.080000000000000000e+02,3.000151864729151407e-01,1.518647291515184961e-05,-5.486288946826567425e-05
1.090000000000000000e+02,3.000135758296644806e-01,1.357582966449166761e-05,-4.128705980377400664e-05
1.100000000000000000e+02,3.000102952098528397e-01,1.029520985285081736e-05,-3.099184995092318928e-05
1.110000000000000000e+02,3.000093007238004983e-01,9.300723800509391737e-06,-2.169112615041379755e-05
1.120000000000000000e+02,3.000218090814688043e-01,2.180908146881543885e-05,1.179553184016413070e-07
1.130000000000000000e+02,3.000052813786280304e-01,5.281378628041455414e-06,5.399333946443096721e-06
1.140000000000000000e+02,3.000216124757713043e-01,2.161247577131542030e-05,2.701180971775851702e-05
1.150000000000000000e+02,3.000082946179044030e-01,8.294617904414103293e-06,3.530642762217262032e-05
1.160000000000000000e+02,3.000149155650491672e-01,1.491556504917834758e-05,5.022199267135096790e-05
1.170000000000000000e+02,2.999895901762824613e-01,-1.040982371752763314e-05,3.981216895382333476e-05
1.180000000000000000e+02,2.999833859080407450e-01,-1.661409195924390403e-05,2.319807699457943073e-05
1.190000000000000000e+02,2.999961358666626832e-01,-3.864133337305730720e-06,1.933394365727370001e-05
1.200000000000000000e+02,2.999828269387982416e-01,-1.717306120174733053e-05,2.160882455526369483e-06
1.210000000000000000e+02,2.998831702379734510e-01,-1.168297620265379422e-04,-1.146688795710115727e-04
1.220000000000000000e+02,3.000104466795487923e-01,1.044667954880340588e-05,-1.042222000222081668e-04
1.230000000000000000e+02,2.999947473443548285e-01,-5.252655645160420050e-06,-1.094748556673685869e-04
1.240000000000000000e+02,3.000056406718607516e-01,5.640671860762669354e-06,-1.038341838066059175e-04
1.250000000000000000e+02,2.999959597514001430e-01,-4.040248599845863708e-06,-1.078744324064517812e-04
1.260000000000000000e+02,3.000119382106046784e-01,1.193821060468946982e-05,-9.593622180176231140e-05
1.270000000000000000e+02,2.999880316262436009e-01,-1.196837375638803991e-05,-1.079045955581503513e-04
1.280000000000000000e+02,3.000079552618116208e-01,7.955261811631864077e-06,-9.994933374651848723e-05
1.290000000000000000e+02,2.999965080259323069e-01,-3.491974067681979932e-06,-1.034413078142004672e-04
1.300000000000000000e+02,3.000145837098311397e-01,1.458370983115075958e-05,-8.885759798304970758e-05
1.310000000000000000e+02,3.000368705070557973e-01,3.687050705580841026e-05,-5.198709092724129732e-05
1.320000000000000000e+02,2.999699374838060151e-01,-3.006251619397382058e-05,-8.204960712121511790e-05
1.330000000000000000e+02,3.000036983497795795e-01,3.698349779590603958e-06,-7.835125734162451394e-05
1.340000000000000000e+02,2.999955771704442831e-01,-4.422829555705831694e-06,-8.277408689733034564e-05
1.350000000000000000e+02,3.000008879185386279e-01,8.879185386390098245e-07,-8.188616835869133581e-05
1.360000000000000000e+02,3.000023047727503056e-01,2.304772750316708141e-06,-7.958139560837462767e-05
1.370000000000000000e+02,2.999820022278616438e-01,-1.799777213834508061e-05,-9.757916774671970828e-05
1.380000000000000000e+02,2.999875711812986512e-01,-1.242881870133771827e-05,-1.100079864480574265e-04
1.390000000000000000e+02,3.000023047655950847e-01,2.304765595095847885e-06,-1.077032208529615787e-04
1.400000000000000000e+02,2.999851622702093268e-01,-1.483772979066211306e-05,-1.225409506436236917e-04
1.410000000000000000e+02,2.999866866578999591e-01,-1.331334210002976803e-05,-1.358542927436534598e-04
1.420000000000000000e+02,3.000160096808370813e-01,1.600968083709242151e-05,-1.198446119065610382e-04
1.430000000000000000e+02,3.000077377948178192e-01,7.737794817830323524e-06,-1.121068170887307147e-04
1.440000000000000000e+02,2.999836085154763965e-01,-1.639148452359240338e-05,-1.284983016123231181e-04
1.450000000000000000e+02,3.000021129009119436e-01,2.112900911954707084e-06,-1.263854007003684110e-04
1.460000000000000000e+02,2.999983665892482221e-01,-1.633410751766817270e-06,-1.280188114521352283e-04
1.470000000000000000e+02,3.000074131218981588e-01,7.413121898169894308e-06,-1.206056895539653340e-04
1.480000000000000000e+02,2.999807346824197030e-01,-1.926531758028593444e-05,-1.398710071342512684e-04
1.490000000000000000e+02,2.999758088557408775e-01,-2.419114425911139676e-05,-1.640621513933626652e-04
1.500000000000000000e+02,3.000086626823587621e-01,8.662682358773210467e-06,-1.553994690345894547e-04
1.510000000000000000e+02,2.999874547149516402e-01,-1.254528504834873104e-05,-1.679447540829381857e-04
1.520000000000000000e+02,3.000067142069081649e-01,6.714206908176034716e-06,-1.612305471747621510e-04
1.530000000000000000e+02,3.000184885052156192e-01,1.848850521563027982e-05,-1.427420419591318712e-04
1.540000000000000000e+02,2.999608765505665242e-01,-3.912344943346468540e-05,-1.818654913925965566e-04
1.550000000000000000e+02,3.000011900661139208e-01,1.190066113931909086e-06,-1.806754252786646475e-04
1.560000000000000000e+02,2.999942806998507905e-01,-5.719300149198414118e-06,-1.863947254278630616e-04
1.570000000000000000e+02,3.000066570793568088e-01,6.657079356819917137e-06,-1.797376460710431445e-04
1.580000000000000000e+02,3.000193694245428255e-01,1.936942454283663295e-05,-1.603682215282065116e-04
1.590000000000000000e+02,3.000138727416329365e-01,1.387274163294760498e-05,-1.464954798952589066e-04
1.600000000000000000e+02,2.999943415007655378e-01,-5.658499234451053184e-06,-1.521539791297099598e-04
1.610000000000000000e+02,3.000097326103178808e-01,9.732610317891854379e-06,-1.424213688118181054e-04
1.620000000000000000e+02,3.000153086396641910e-01,1.530863966420215050e-05,-1.271127291476159549e-04
1.630000000000000000e+02,3.000050494769287979e-01,5.049476928808971365e-06,-1.220632522188069835e-04
1.640000000000000000e+02,3.000075516866985148e-01,7.551686698525905683e-06,-1.145115655202810778e-04
1.650000000000000000e+02,3.000113573664393574e-01,1.135736643936846590e-05,-1.031541990809126119e-04
1.660000000000000000e+02,3.000224079296570090e-01,2.240792965702009809e-05,-8.074626942389251383e-05
1.670000000000000000e+02,3.000014054933849428e-01,1.405493384953881986e-06,-7.934077603893863184e-05
1.680000000000000000e+02,2.999827051001424660e-01,-1.729489985752286074e-05,-9.663567589646149258e-05
1.690000000000000000e+02,3.000102274094842425e-01,1.022740948425360230e-05,-8.640826641220789028e-05
1.700000000000000000e+02,3.000082460371756854e-01,8.246037175696496746e-06,-7.816222923651139354e-05
1.710000000000000000e+02,3.000007114068082847e-01,7.114068082958446837e-07,-7.745082242821554885e-05
1.720000000000000000e+02,3.000067820002064178e-01,6.782000206428939748e-06,-7.066882222178660911e-05
1.730000000000000000e+02,3.000097725140737914e-01,9.772514073802529566e-06,-6.089630814798407954e-05
1.740000000000000000e+02,3.000054804664660235e-01,5.480466466034616957e-06,-5.541584168194946258e-05
1.750000000000000000e+02,2.999819168592903207e-01,-1.808314070966821063e-05,-7.349898239161767322e-05
1.760000000000000000e+02,2.999856273968593556e-01,-1.437260314063326661e-05,-8.787158553225093982e-05
1.770000000000000000e+02,3.000336474942339460e-01,3.364749423395707595e-05,-5.422409129829386387e-05
1.780000000000000000e+02,2.999954805555749004e-01,-4.519444425088448014e-06,-5.874353572338231189e-05
1.790000000000000000e+02,3.000041254530049772e-01,4.125453004988344219e-06,-5.461808271839396767e-05
1.800000000000000000e+02,3.000037035107872563e-01,3.703510787267383364e-06,-5.091457193112658430e-05
1.810000000000000000e+02,2.999890898083457658e-01,-1.091019165422313364e-05,-6.182476358534971794e-05
1.820000000000000000e+02,2.999979843719216555e-01,-2.015628078333442375e-06,-6.384039166368316032e-05
1.830000000000000000e+02,2.999882610994064058e-01,-1.173890059358306814e-05,-7.557929225726622846e-05
1.840000000000000000e+02,3.000044035097350070e-01,4.403509735018129589e-06,-7.117578252224809887e-05
1.850000000000000000e+02,2.999934953750691413e-01,-6.504624930847580089e-06,-7.768040745309567896e-05
1.860000000000000000e+02,3.000197097984330097e-01,1.970979843302078649e-05,-5.797060902007489247e-05
1.870000000000000000e+02,2.999957382444273235e-01,-4.261755572665393288e-06,-6.223236459274028576e-05
1.880000000000000000e+02,2.999855753343281806e-01,-1.442466567180833437e-05,-7.665703026454862012e-05
1.890000000000000000e+02,2.999848203677948910e-01,-1.517963220509788158e-05,-9.183666246964650171e-05
1.900000000000000000e+02,2.999944341541489479e-01,-5.565845851041029135e-06,-9.740250832068753084e-05
1.910000000000000000e+02,3.000062853224280679e-01,6.285322428078998769e-06,-9.111718589260853207e-05
1.920000000000000000e+02,2.999896638290735496e-01,-1.033617092643934754e-05,-1.014533568190478796e-04
1.930000000000000000e+02,2.999922328663018334e-01,-7.767133698155515020e-06,-1.092204905172033946e-04
1.940000000000000000e+02,3.000093681657074463e-01,9.368165707457354330e-06,-9.985232480974604030e-05
1.950000000000000000e+02,2.999987320950973646e-01,-1.267904902624295005e-06,-1.011202297123703353e-04
1.960000000000000000e+02,3.000221992922348924e-01,2.219929223490346715e-05,-7.892093747746686816e-05
1.970000000000000000e+02,2.999896724189066721e-01,-1.032758109331677332e-05,-8.924851857078364148e-05
1.980000000000000000e+02,3.000073150524157906e-01,7.315052415801659436e-06,-8.193346615498198204e-05
1.990000000000000000e+02,3.000115288399755054e-01,1.152883997551645834e-05,-7.040462617946552371e-05
2.000000000000000000e+02,2.999958224421914177e-01,-4.177557808571208398e-06,-7.458218398803673210e-05
2.010000000000000000e+02,2.999909036722236966e-01,-9.096327776292323364e-06,-8.367851176432905547e-05
2.020000000000000000e+02,2.999948112807744871e-01,-5.188719225501792209e-06,-8.886723098983084768e-05
2.030000000000000000e+02,2.999901769505027849e-01,-9.823049497204028313e-06,-9.869028048703487599e-05
2.040000000000000000e+02,3.000114178829239586e-01,1.141788292396972437e-05,-8.727239756306515162e-05
2.050000000000000000e+02,2.999614729560241000e-01,-3.852704397588890828e-05,-1.257994415389540599e-04
2.060000000000000000e+02,2.999965915600772970e-01,-3.408439922691908208e-06,-1.292078814616459681e-04
2.070000000000000000e+02,2.999876230294052371e-01,-1.237697059475184602e-05,-1.415848520563978141e-04
2.080000000000000000e+02,3.000211727348029433e-01,2.117273480295445154e-05,-1.204121172534433626e-04
2.090000000000000000e+02,3.000009911901420079e-01,9.911901420189828116e-07,-1.194209271114243798e-04
2.100000000000000000e+02,3.000021131383280859e-01,2.113138328097008412e-06,-1.173077887833273714e-04
2.110000000000000000e+02,3.000168101843159740e-01,1.681018431598513274e-05,-1.004976044673422386e-04
2.120000000000000000e+02,2.999876958122864035e-01,-1.230418771358543495e-05,-1.128017921809276736e-04
2.130000000000000000e+02,2.999149243608697502e-01,-8.507563913023874491e-05,-1.978774313111664185e-04
2.140000000000000000e+02,3.000029420009203696e-01,2.942000920380660745e-06,-1.949354303907857577e-04
2.150000000000000000e+02,2.999897941239763610e-01,-1.020587602362788004e-05,-2.051413064144136378e-04
2.160000000000000000e+02,3.000160088616999898e-01,1.600886170000093145e-05,-1.891324447144127063e-04
2.170000000000000000e+02,3.000108072984598029e-01,1.080729845981398540e-05,-1.783251462545987209e-04
2.180000000000000000e+02,3.000003306874162723e-01,3.306874162833928210e-07,-1.779944588383153281e-04
2.190000000000000000e+02,2.999947527350780296e-01,-5.247264921959260420e-06,-1.832417237602745885e-04
2.200000000000000000e+02,2.999904326927410048e-01,-9.567307258984136809e-06,-1.928090310192587253e-04
2.210000000000000000e+02,3.000109498899279359e-01,1.094988992794698746e-05,-1.818591410913117379e-04
2.220000000000000000e+02,2.999969241543893328e-01,-3.075845610656102735e-06,-1.849349867019678406e-04
2.230000000000000000e+02,3.000017841549162956e-01,1.784154916306679439e-06,-1.831508317856611612e-04
2.240000000000000000e+02,3.000022414404224791e-01,2.241440422490192930e-06,-1.809093913631709682e-04
2.250000000000000000e+02,2.999935684927926283e-01,-6.431507207360631639e-06,-1.873408985705315999e-04
2.260000000000000000e+02,3.000150470033794425e-01,1.504700337945363842e-05,-1.722938951910779615e-04
2.270000000000000000e+02,2.999880655562235932e-01,-1.193444377639574228e-05,-1.842283389674737037e-04
2.280000000000000000e+02,2.999977129252345831e-01,-2.287074765405794352e-06,-1.865154137328794981e-04
2.290000000000000000e+02,2.999971190802577792e-01,-2.880919742209719914e-06,-1.893963334750892180e-04
2.300000000000000000e+02,2.998946419165461896e-01,-1.053580834537992672e-04,-2.947544169288884852e-04
2.310000000000000000e+02,3.000005372978785112e-01,5.372978785223025966e-07,-2.942171190503661826e-04
2.320000000000000000e+02,2.999915892628146064e-01,-8.410737185382544112e-06,-3.026278562357487267e-04
2.330000000000000000e+02,3.000060503588322658e-01,6.050358832276891974e-06,-2.965774974034718348e-04
2.340000000000000000e+02,3.000249278763970628e-01,2.492787639707394476e-05,-2.716496210063978900e-04
2.350000000000000000e+02,2.999888148723224846e-01,-1.118512767750434733e-05,-2.828347486839022373e-04
2.360000000000000000e+02,3.000052001488701658e-01,5.200148870176946048e-06,-2.776345998137252913e-04
2.370000000000000000e+02,3.000045014093362106e-01,4.501409336221673385e-06,-2.731331904775036179e-04
2.380000000000000000e+02,2.999816700044881101e-01,-1.832999551187874943e-05,-2.914631859893823673e-04
2.390000000000000000e+02,2.999700508386545228e-01,-2.994916134546610209e-05,-3.214123473348484694e-04
2.400000000000000000e+02,2.999899299721475177e-01,-1.007002785247124166e-05,-3.314823751873197111e-04
2.410000000000000000e+02,2.999739313198312995e-01,-2.606868016868935101e-05,-3.575510553560090621e-04
2.420000000000000000e+02,3.000015671825618790e-01,1.567182561890145820e-06,-3.559838727941189163e-04
2.430000000000000000e+02,3.000174984561289060e-01,1.749845612891709479e-05,-3.384854166652018215e-04
2.440000000000000000e+02,2.999148472794656572e-01,-8.515272053433164956e-05,-4.236381371995334710e-04
2.450000000000000000e+02,3.000114039581058822e-01,1.140395810589334147e-05,-4.122341790936401296e-04
2.460000000000000000e+02,2.999785266340325163e-01,-2.147336596747262405e-05,-4.337075450611127536e-04
2.470000000000000000e+02,3.000108334728356363e-01,1.083347283564739527e-05,-4.228740722254653583e-04
2.480000000000000000e+02,3.000008959788538765e-01,8.959788538875912423e-07,-4.219780933715777671e-04
2.490000000000000000e+02,2.999876689151006470e-01,-1.233108489934187091e-05,-4.343091782709196380e-04
2.500000000000000000e+02,2.999983778933519862e-01,-1.622106648002663576e-06,-4.359312849189223016e-04
2.510000000000000000e+02,2.999776887037584605e-01,-2.231129624152838886e-05,-4.582425811604506904e-04
2.520000000000000000e+02,3.000144587299595766e-01,1.445872995958774609e-05,-4.437838512008629444e-04
2.530000000000000000e+02,3.000092786950661616e-01,9.278695066172737427e-06,-4.345051561346902069e-04
2.540000000000000000e+02,2.999854110157945120e-01,-1.458898420547694030e-05,-4.490941403401671472e-04
2.550000000000000000e+02,2.999851548357141962e-01,-1.484516428579274461e-05,-4.639393046259598918e-04
2.560000000000000000e+02,3.000087975960310516e-01,8.797596031062671074e-06,-4.551417085948972208e-04
2.570000000000000000e+02,2.998895402960050638e-01,-1.104597039949251069e-04,-5.656014125898223277e-04
2.580000000000000000e+02,3.000152012384926792e-01,1.520123849269028327e-05,-5.504001740971320444e-04
2.590000000000000000e+02,2.999770948847086394e-01,-2.290511529134953150e-05,-5.733052893884815759e-04
2.600000000000000000e+02,3.000103076953539727e-01,1.030769535398379233e-05,-5.629975940344977836e-04
2.610000000000000000e+02,3.000035629739392085e-01,3.562973939219560293e-06,-5.594346200952782233e-04
2.620000000000000000e+02,2.999059103930002412e-01,-9.408960699974766584e-05,-6.535242270950258892e-04
2.630000000000000000e+02,2.999971357176433040e-01,-2.864282356684899611e-06,-6.563885094517107888e-04
2.640000000000000000e+02,2.999962696443128629e-01,-3.730355687125985753e-06,-6.601188651388367745e-04
2.650000000000000000e+02,2.999988187068592382e-01,-1.181293140750661053e-06,-6.613001582795874356e-04
2.660000000000000000e+02,2.999995976895957206e-01,-4.023104042683023351e-07,-6.617024686838557379e-04
2.670000000000000000e+02,3.000238410844383585e-01,2.384108443836963076e-05,-6.378613842454861071e-04
2.680000000000000000e+02,2.999948239713262077e-01,-5.176028673781196687e-06,-6.430374129192673038e-04
2.690000000000000000e+02,2.999916685988644471e-01,-8.331401135541760539e-06,-6.513688140548090644e-04
2.700000000000000000e+02,2.999946935309016904e-01,-5.306469098298460807e-06,-6.566752831531075252e-04
2.710000000000000000e+02,3.000041260058888826e-01,4.126005888893669038e-06,-6.525492772642138561e-04
2.720000000000000000e+02,2.999927290856889694e-01,-7.270914311019449627e-06,-6.598201915752333058e-04
2.730000000000000000e+02,2.999896579862063040e-01,-1.034201379368493434e-05,-6.701622053689182401e-04
2.740000000000000000e+02,2.999993151319265694e-01,-6.848680734194978470e-07,-6.708470734423377380e-04
2.750000000000000000e+02,2.999886937900608785e-01,-1.130620993911035654e-05,-6.821532833814480945e-04
2.760000000000000000e+02,2.999931679970578857e-01,-6.832002942103176935e-06,-6.889852863235512714e-04
2.770000000000000000e+02,2.999955684181852544e-01,-4.431581814734464331e-06,-6.934168681382857358e-04
2.780000000000000000e+02,2.999698834592865460e-01,-3.011654071344294081e-05,-7.235334088517286766e-04
2.790000000000000000e+02,3.000035635706476689e-01,3.563570647679981107e-06,-7.199698382040486955e-04
2.800000000000000000e+02,2.999915010156359862e-01,-8.498984364002648562e-06,-7.284688225680513440e-04
2.810000000000000000e+02,2.999882123610425055e-01,-1.178763895748335955e-05,-7.402564615255347036e-04
2.820000000000000000e+02,2.999817630375110622e-01,-1.823696248892670013e-05,-7.584934240144614037e-04
2.830000000000000000e+02,2.999821378632099300e-01,-1.786213679005888011e-05,-7.763555608045202838e-04
2.840000000000000000e+02,3.000020820001830790e-01,2.082000183090126910e-06,-7.742735606214301569e-04
2.850000000000000000e+02,3.000009169190873126e-01,9.169190873237198502e-07,-7.733566415341064371e-04
2.860000000000000000e+02,3.000043375166592252e-01,4.337516659236317906e-06,-7.690191248748701192e-04
2.870000000000000000e+02,3.000090395042394609e-01,9.039504239471973790e-06,-7.599796206353981454e-04
2.880000000000000000e+02,3.000106884045746214e-01,1.068840457463249294e-05,-7.492912160607656524e-04
2.890000000000000000e+02,2.999734076744812183e-01,-2.659232551877055428e-05,-7.758835415795362067e-04
2.900000000000000000e+02,2.999832042825741896e-01,-1.679571742579932803e-05,-7.926792590053355347e-04
2.910000000000000000e+02,2.999971920842302575e-01,-2.807915769731383904e-06,-7.954871747750669186e-04
2.920000000000000000e+02,2.999978604452480657e-01,-2.139554751923178344e-06,-7.976267295269900970e-04
2.930000000000000000e+02,2.999786984676245938e-01,-2.130153237539511579e-05,-8.189282619023852128e-04
2.940000000000000000e+02,2.999935583393135707e-01,-6.441660686418160253e-06,-8.253699225888033730e-04
2.950000000000000000e+02,3.000023359886496155e-01,2.335988649626585811e-06,-8.230339339391767872e-04
2.960000000000000000e+02,2.999890419947796039e-01,-1.095800522038503644e-05,-8.339919391595618237e-04
2.970000000000000000e+02,3.000056658593160397e-01,5.665859316050791961e-06,-8.283260798435110317e-04
2.980000000000000000e+02,3.000135845229436327e-01,1.358452294364376201e-05,-8.147415568998672697e-04
2.990000000000000000e+02,3.000032300521968676e-01,3.230052196878663295e-06,-8.115115047029886064e-04
3.000000000000000000e+02,3.000082920762127681e-01,8.292076212779164734e-06,-8.032194284902094417e-04
3.010000000000000000e+02,2.999738375827465942e-01,-2.616241725339474300e-05,-8.293818457436041847e-04
3.020000000000000000e+02,2.998989487630781547e-01,-1.010512369218341533e-04,-9.304330826654383380e-04
3.030000000000000000e+02,2.999681826655807293e-01,-3.181733441925960193e-05,-9.622504170846979399e-04
3.040000000000000000e+02,2.999913611748294962e-01,-8.638825170492747674e-06,-9.708892422551906876e-04
3.050000000000000000e+02,3.000006951016938039e-01,6.951016938150367253e-07,-9.701941405613756508e-04
3.060000000000000000e+02,3.000009459513964805e-01,9.459513964915622353e-07,-9.692481891648840886e-04
3.070000000000000000e+02,2.999962743845442370e-01,-3.725615455751896121e-06,-9.729738046206359847e-04
3.080000000000000000e+02,2.999772048090467713e-01,-2.279519095321758115e-05,-9.957689955738535659e-04
3.090000000000000000e+02,2.999992857467645435e-01,-7.142532354453834387e-07,-9.964832488092989493e-04
3.100000000000000000e+02,3.000199702862997309e-01,1.997028629974195724e-05,-9.765129625095569921e-04
3.110000000000000000e+02,3.000006479147975247e-01,6.479147975357868461e-07,-9.758650477120212052e-04
3.120000000000000000e+02,3.000022470745353775e-01,2.247074535388637884e-06,-9.736179731766325673e-04
3.130000000000000000e+02,2.999855358898454449e-01,-1.446411015454396320e-05,-9.880820833311765305e-04
3.140000000000000000e+02,2.999724026311324510e-01,-2.759736886753794138e-05,-1.015679452198714472e-03
3.150000000000000000e+02,3.000138368887778628e-01,1.383688877787392357e-05,-1.001842563420840548e-03
3.160000000000000000e+02,3.000071671799404149e-01,7.167179940426038343e-06,-9.946753834804145100e-04
3.170000000000000000e+02,2.999998215365808907e-01,-1.784634190982181678e-07,-9.948538468995127282e-04
3.180000000000000000e+02,2.999934981717204407e-01,-6.501828279548149681e-06,-1.001355675179060878e-03
3.190000000000000000e+02,3.000071854640743441e-01,7.185464074355163433e-06,-9.941702111047057144e-04
3.200000000000000000e+02,3.000035906263411878e-01,3.590626341198888127e-06,-9.905795847635068263e-04
3.210000000000000000e+02,3.000017824373740760e-01,1.782437374087120219e-06,-9.887971473894197061e-04
3.220000000000000000e+02,3.000064345609344540e-01,6.434560934465149984e-06,-9.823625864549545561e-04
3.230000000000000000e+02,3.000088002385237762e-01,8.800238523787307088e-06,-9.735623479311672490e-04
3.240000000000000000e+02,3.000076074721640396e-01,7.607472164050665953e-06,-9.659548757671165831e-04
3.250000000000000000e+02,3.000104140313696877e-01,1.041403136969876186e-05,-9.555408443974178212e-04
3.260000000000000000e+02,3.000055413224311796e-01,5.541322431190653930e-06,-9.499995219662271673e-04
3.270000000000000000e+02,3.000030468125584604e-01,3.046812558471501120e-06,-9.469527094077556661e-04
3.280000000000000000e+02,2.999919401006294062e-01,-8.059899370582712663e-06,-9.550126087783383788e-04
3.290000000000000000e+02,3.000043160063301517e-01,4.316006330162824867e-06,-9.506966024481755539e-04
3.300000000000000000e+02,3.000138676573633201e-01,1.386765736333117616e-05,-9.368289450848443778e-04
3.310000000000000000e+02,2.999684758311535471e-01,-3.152416884644182460e-05,-9.683531139312862024e-04
3.320000000000000000e+02,2.999818996846263519e-01,-1.810031537363698817e-05,-9.864534293049231906e-04
3.330000000000000000e+02,3.000122284003607920e-01,1.222840036080308224e-05,-9.742250289441201083e-04
3.340000000000000000e+02,3.000028459838059436e-01,2.845983805954688250e-06,-9.713790451381654201e-04
3.350000000000000000e+02,2.999968936502225292e-01,-3.106349777459715966e-06,-9.744853949156251360e-04
3.360000000000000000e+02,3.000099414025477751e-01,9.941402547786193367e-06,-9.645439923678389427e-04
3.370000000000000000e+02,3.000081032912720325e-01,8.103291272043566806e-06,-9.564407010957953759e-04
3.380000000000000000e+02,2.999981032662014102e-01,-1.896733798578686958e-06,-9.583374348943740628e-04
3.390000000000000000e+02,3.000095327186564353e-01,9.532718656446448335e-06,-9.488047162379276145e-04
3.400000000000000000e+02,3.000062662729054419e-01,6.266272905453007525e-06,-9.425384433324746070e-04
3.410000000000000000e+02,3.000144880030872208e-01,1.448800308723185992e-05,-9.280504402452427470e-04
3.420000000000000000e+02,2.999900041506446402e-01,-9.995849355348696008e-06,-9.380462896005914430e-04
3.430000000000000000e+02,2.998923295473302497e-01,-1.076704526697391806e-04,-1.045716742270330624e-03
3.440000000000000000e+02,2.999840489618885164e-01,-1.595103811147247086e-05,-1.061667780381803095e-03
3.450000000000000000e+02,2.999759543267557782e-01,-2.404567324421069685e-05,-1.085713453626013791e-03
3.460000000000000000e+02,2.999934878966824536e-01,-6.512103317535267166e-06,-1.092225556943549059e-03
3.470000000000000000e+02,2.999878941119556996e-01,-1.210588804428924803e-05,-1.104331444987838307e-03
3.480000000000000000e+02,2.999796196392294223e-01,-2.038036077056659678e-05,-1.124711805758404903e-03
3.490000000000000000e+02,2.999941020864653196e-01,-5.897913534669285696e-06,-1.130609719293074189e-03
3.500000000000000000e+02,3.000118556129452441e-01,1.185561294525516729e-05,-1.118754106347819022e-03
3.510000000000000000e+02,2.999797051798356318e-01,-2.029482016435713021e-05,-1.139048926512176152e-03
3.520000000000000000e+02,2.999987590405976401e-01,-1.240959402348806861e-06,-1.140289885914524959e-03
3.530000000000000000e+02,3.000110411971068647e-01,1.104119710687578859e-05,-1.129248688807649170e-03
3.540000000000000000e+02,2.999897892120130805e-01,-1.021078798690844280e-05,-1.139459476794557613e-03
3.550000000000000000e+02,3.000040466541536999e-01,4.046654153710971258e-06,-1.135412822640846642e-03
3.560000000000000000e+02,2.998990984934514770e-01,-1.009015065485119322e-04,-1.236314329189358574e-03
3.570000000000000000e+02,3.000207251924034701e-01,2.072519240348125180e-05,-1.215589136785877322e-03
3.580000000000000000e+02,3.000078987687533894e-01,7.898768753400453591e-06,-1.207690368032476869e-03
3.590000000000000000e+02,3.000050620313285954e-01,5.062031328606497738e-06,-1.202628336703870371e-03
3.600000000000000000e+02,2.999885963019588431e-01,-1.140369804114582664e-05,-1.214032034745016198e-03
3.610000000000000000e+02,2.999956757112361982e-01,-4.324288763790651302e-06,-1.218356323508806849e-03
3.620000000000000000e+02,3.000232295218303036e-01,2.322952183031468110e-05,-1.195126801678492168e-03
3.630000000000000000e+02,3.000002356138026238e-01,2.356138026349263725e-07,-1.194891187875857241e-03
3.640000000000000000e+02,3.000087368896587892e-01,8.736889658800262026e-06,-1.186154298217056979e-03
3.650000000000000000e+02,2.999880468055257654e-01,-1.195319447422349413e-05,-1.198107492691280473e-03
3.660000000000000000e+02,2.999850631855141558e-01,-1.493681448583306093e-05,-1.213044307177113534e-03
3.670000000000000000e+02,3.000137063326053233e-01,1.370633260533438147e-05,-1.199337974571779153e-03
3.680000000000000000e+02,3.000042237808591694e-01,4.223780859180514824e-06,-1.195114193712598638e-03
3.690000000000000000e+02,2.999783323784985245e-01,-2.166762150146439581e-05,-1.216781815214063034e-03
3.700000000000000000e+02,2.999927671939141005e-01,-7.232806085888388026e-06,-1.224014621299951422e-03
3.710000000000000000e+02,2.999921909601287462e-01,-7.809039871242706710e-06,-1.231823661171194129e-03
3.720000000000000000e+02,2.999966735224222081e-01,-3.326477577780817541e-06,-1.235150138748974946e-03
3.730000000000000000e+02,3.000154146510585207e-01,1.541465105853179196e-05,-1.219735487690443154e-03
3.740000000000000000e+02,2.999907854414111674e-01,-9.214558588821475382e-06,-1.228950046279264630e-03
3.750000000000000000e+02,2.999842648259344324e-01,-1.573517406555646758e-05,-1.244685220344821097e-03
3.760000000000000000e+02,3.000045028207776743e-01,4.502820777685379028e-06,-1.240182399567135718e-03
3.770000000000000000e+02,3.000053876897934013e-01,5.387689793412420158e-06,-1.234794709773723298e-03
3.780000000000000000e+02,2.999907364115979580e-01,-9.263588402030897839e-06,-1.244058298175754196e-03
3.790000000000000000e+02,3.000001804932254656e-01,1.804932254767521727e-07,-1.243877804950277444e-03
3.800000000000000000e+02,3.000030565755761880e-01,3.056575576199094257e-06,-1.240821229374078349e-03
3.810000000000000000e+02,2.999877830985744898e-01,-1.221690142549913816e-05,-1.253038130799577488e-03
3.820000000000000000e+02,2.999950392240652297e-01,-4.960775934759187322e-06,-1.257998906734336675e-03
3.830000000000000000e+02,2.999754439936172523e-01,-2.455600638273658376e-05,-1.282554913117073259e-03
3.840000000000000000e+02,2.999910759757348777e-01,-8.924024265111185628e-06,-1.291478937382184444e-03
3.850000000000000000e+02,3.000075785473597101e-01,7.578547359721188315e-06,-1.283900390022463256e-03
3.860000000000000000e+02,2.999938106504747015e-01,-6.189349525287379805e-06,-1.290089739547750636e-03
3.870000000000000000e+02,3.000199485682794043e-01,1.994856827941537958e-05,-1.270141171268335256e-03
3.880000000000000000e+02,2.999970235424101461e-01,-2.976457589842773643e-06,-1.273117628858178030e-03
3.890000000000000000e+02,3.000067167386410993e-01,6.716738641110442387e-06,-1.266400890217067587e-03
3.900000000000000000e+02,3.000063772600475298e-01,6.377260047540911359e-06,-1.260023630169526676e-03
3.910000000000000000e+02,3.000076499496226456e-01,7.649949622656748716e-06,-1.252373680546869927e-03
3.920000000000000000e+02,3.000143913285737707e-01,1.439132857378178088e-05,-1.237982351973088146e-03
3.930000000000000000e+02,2.999825181993983625e-01,-1.748180060162640714e-05,-1.255464152574714554e-03
3.940000000000000000e+02,3.000134894377188832e-01,1.348943771889432597e-05,-1.241974714855820228e-03
3.950000000000000000e+02,3.000012352079058364e-01,1.235207905847524046e-06,-1.240739506949972704e-03
3.960000000000000000e+02,2.999930643234182681e-01,-6.935676581720784384e-06,-1.247675183531693488e-03
3.970000000000000000e+02,2.999921729511630941e-01,-7.827048836894778816e-06,-1.255502232368588267e-03
3.980000000000000000e+02,3.000084747177645950e-01,8.474717764606065629e-06,-1.247027514603982201e-03
3.990000000000000000e+02,2.999933707970668384e-01,-6.629202933150502020e-06,-1.253656717537132703e-03
4.000000000000000000e+02,3.000071169425073681e-01,7.116942507379153682e-06,-1.246539775029753550e-03
4.010000000000000000e+02,2.999757036656088283e-01,-2.429633439116063442e-05,-1.270836109420914184e-03
4.020000000000000000e+02,3.000161856507864155e-01,1.618565078642664190e-05,-1.254650458634487542e-03
4.030000000000000000e+02,3.000177867198101089e-01,1.778671981012003300e-05,-1.236863738824367509e-03
4.040000000000000000e+02,3.000123912584044539e-01,1.239125840446497762e-05,-1.224472480419902531e-03
4.050000000000000000e+02,2.999939495040054305e-01,-6.050495994558424684e-06,-1.230522976414460956e-03
4.060000000000000000e+02,3.000163982907853022e-01,1.639829078531329642e-05,-1.214124685629147660e-03
4.070000000000000000e+02,3.000148181738871989e-01,1.481817388720996220e-05,-1.199306511741937697e-03
4.080000000000000000e+02,2.999831811867087472e-01,-1.681881329124168545e-05,-1.216125325033179383e-03
4.090000000000000000e+02,2.999984135577259958e-01,-1.586442273993071694e-06,-1.217711767307172455e-03
4.100000000000000000e+02,2.999933741987586555e-01,-6.625801241333384439e-06,-1.224337568548505839e-03
4.110000000000000000e+02,2.999946602167300469e-01,-5.339783269942000032e-06,-1.229677351818447839e-03
4.120000000000000000e+02,3.000301880851634073e-01,3.018808516341842108e-05,-1.199489266655029418e-03
4.130000000000000000e+02,2.999970597758165325e-01,-2.940224183456408014e-06,-1.202429490838485826e-03
4.140000000000000000e+02,2.999975070672559196e-01,-2.492932744069253914e-06,-1.204922423582555080e-03
4.150000000000000000e+02,3.000017448433293099e-01,1.744843329321010827e-06,-1.203177580253234069e-03
4.160000000000000000e+02,3.000016860458390999e-01,1.686045839111027789e-06,-1.201491534414123041e-03
4.170000000000000000e+02,3.000080134171020929e-01,8.013417102104014589e-06,-1.193478117312019027e-03
4.180000000000000000e+02,2.999791408915764013e-01,-2.085910842358762451e-05,-1.214337225735606651e-03
4.190000000000000000e+02,3.000090669131061372e-01,9.066913106148266621e-06,-1.205270312629458385e-03
4.200000000000000000e+02,2.999992360800871061e-01,-7.639199128828266794e-07,-1.206034232542341211e-03
4.210000000000000000e+02,2.999853310452725297e-01,-1.466895472745921580e-05,-1.220703187269800427e-03
4.220000000000000000e+02,2.999987986611392099e-01,-1.201338860778999873e-06,-1.221904526130579427e-03
4.230000000000000000e+02,2.999070834900029459e-01,-9.291650999704303970e-05,-1.314821036127622467e-03
4.240000000000000000e+02,3.000138249201580454e-01,1.382492015805647512e-05,-1.300996115969565992e-03
4.250000000000000000e+02,3.000134339287422458e-01,1.343392874225690647e-05,-1.287562187227309085e-03
4.260000000000000000e+02,2.999903845905400601e-01,-9.615409459928780933e-06,-1.297177596687237866e-03
4.270000000000000000e+02,2.999899392614578941e-01,-1.006073854209477147e-05,-1.307238335229332638e-03
4.280000000000000000e+02,2.999982054827254330e-01,-1.794517274555929021e-06,-1.309032852503888567e-03
4.290000000000000000e+02,2.999959510144708519e-01,-4.048985529137016925e-06,-1.313081838033025583e-03
4.300000000000000000e+02,2.999771215852721218e-01,-2.287841472786711350e-05,-1.335960252760892697e-03
4.310000000000000000e+02,2.999857827363474616e-01,-1.421726365252728996e-05,-1.350177516413419987e-03
4.320000000000000000e+02,2.999895853359788589e-01,-1.041466402113000456e-05,-1.360592180434549991e-03
4.330000000000000000e+02,2.999884619811843400e-01,-1.153801881564886500e-05,-1.372130199250198856e-03
4.340000000000000000e+02,2.999974067266468758e-01,-2.593273353113101365e-06,-1.374723472603311958e-03
4.350000000000000000e+02,3.000092289111248589e-01,9.228911124870009530e-06,-1.365494561478441948e-03
4.360000000000000000e+02,3.002345052882584575e-01,2.345052882584686138e-04,-1.130989273219973335e-03
4.370000000000000000e+02,2.999982959073343447e-01,-1.704092665644196813e-06,-1.132693365885617531e-03
4.380000000000000000e+02,3.000110476708183760e-01,1.104767081838708975e-05,-1.121645695067230442e-03
4.390000000000000000e+02,3.000266173073795062e-01,2.661730737951728543e-05,-1.095028387687713156e-03
4.400000000000000000e+02,2.999961250894521703e-01,-3.874910547818632978e-06,-1.098903298235531789e-03
4.410000000000000000e+02,2.999994622866971605e-01,-5.377133028283687111e-07,-1.099441011538360158e-03
4.420000000000000000e+02,3.000049341399746439e-01,4.934139974654971894e-06,-1.094506871563705186e-03
4.430000000000000000e+02,3.000041990914134593e-01,4.199091413470412704e-06,-1.090307780150234773e-03
4.440000000000000000e+02,2.999966951438916007e-01,-3.304856108388154468e-06,-1.093612636258622928e-03
4.450000000000000000e+02,3.000101064820921981e-01,1.010648209220921245e-05,-1.083506154166413715e-03
4.460000000000000000e+02,3.000131036773640014e-01,1.310367736401252259e-05,-1.070402476802401193e-03
4.470000000000000000e+02,2.999837507445462514e-01,-1.624925545373745450e-05,-1.086651732256138647e-03
4.480000000000000000e+02,3.000086596769654945e-01,8.659676965505624935e-06,-1.077992055290633022e-03
4.490000000000000000e+02,2.999779093035325195e-01,-2.209069646746941729e-05,-1.100082751758102440e-03
4.500000000000000000e+02,3.000018083294808680e-01,1.808329480879056206e-06,-1.098274422277223383e-03
4.510000000000000000e+02,2.999979935350606808e-01,-2.006464939308116868e-06,-1.100280887216531500e-03
4.520000000000000000e+02,2.999786780561943811e-01,-2.132194380560781255e-05,-1.121602831022139313e-03
4.530000000000000000e+02,2.999974983015895602e-01,-2.501698410428687680e-06,-1.124104529432568000e-03
4.540000000000000000e+02,3.000074765857636550e-01,7.476585763666054874e-06,-1.116627943668901946e-03
4.550000000000000000e+02,2.999954065634698464e-01,-4.593436530142547269e-06,-1.121221380199044493e-03
4.560000000000000000e+02,2.999831884517174529e-01,-1.681154828253594857e-05,-1.138032928481580441e-03
4.570000000000000000e+02,2.999956093989281647e-01,-4.390601071824207224e-06,-1.142423529553404649e-03
4.580000000000000000e+02,2.999946210558090964e-01,-5.378944190892465116e-06,-1.147802473744297114e-03
4.590000000000000000e+02,2.999935454373700572e-01,-6.454562629931714923e-06,-1.154257036374228829e-03
4.600000000000000000e+02,2.999788684726439891e-01,-2.113152735599976850e-05,-1.175388563730228597e-03
4.610000000000000000e+02,2.999955495209903900e-01,-4.450479009598939939e-06,-1.179839042739827537e-03
4.620000000000000000e+02,3.000034140527098048e-01,3.414052709815873499e-06,-1.176424990030011664e-03
4.630000000000000000e+02,3.000097180100179672e-01,9.718010017978340187e-06,-1.166706980012033323e-03
4.640000000000000000e+02,3.000069922649236109e-01,6.992264923622037998e-06,-1.159714715088411285e-03
4.650000000000000000e+02,2.999866810804613371e-01,-1.331891953865182998e-05,-1.173033634627063115e-03
4.660000000000000000e+02,3.000014478921502192e-01,1.447892150230334352e-06,-1.171585742476832781e-03
4.670000000000000000e+02,2.999783628866438678e-01,-2.163711335612106268e-05,-1.193222855832953844e-03
4.680000000000000000e+02,2.999967967269339120e-01,-3.203273066076928188e-06,-1.196426128899030772e-03
4.690000000000000000e+02,3.000084639320311775e-01,8.463932031188559080e-06,-1.187962196867842213e-03
4.700000000000000000e+02,2.999847468879842105e-01,-1.525311201577839171e-05,-1.203215308883620605e-03
4.710000000000000000e+02,3.000030413251340566e-01,3.041325134067740521e-06,-1.200173983749552864e-03
4.720000000000000000e+02,2.999827027559174297e-01,-1.729724408255917112e-05,-1.217471227832112035e-03
4.730000000000000000e+02,2.999822162455343388e-01,-1.778375446565005902e-05,-1.235254982297762094e-03
4.740000000000000000e+02,2.999930056259250133e-01,-6.994374074975606703e-06,-1.242249356372737701e-03
4.750000000000000000e+02,3.000226763388894602e-01,2.267633888947129250e-05,-1.219573017483266408e-03
4.760000000000000000e+02,2.999855774963738342e-01,-1.442250362615471460e-05,-1.233995521109421123e-03
4.770000000000000000e+02,2.999939860937276270e-01,-6.013906272361868588e-06,-1.240009427381782992e-03
4.780000000000000000e+02,3.000017357441050470e-01,1.735744105058056874e-06,-1.238273683276724935e-03
4.790000000000000000e+02,2.999692197800144511e-01,-3.078021998553781557e-05,-1.269053903262262750e-03
4.800000000000000000e+02,2.999941241537146808e-01,-5.875846285308128358e-06,-1.274929749547570879e-03
4.810000000000000000e+02,2.999856125100355819e-01,-1.438748996440697425e-05,-1.289317239511977853e-03
4.820000000000000000e+02,2.999994429457714107e-01,-5.570542285782131842e-07,-1.289874293740556066e-03
4.830000000000000000e+02,2.999957532796910797e-01,-4.246720308909157637e-06,-1.294121014049465224e-03
4.840000000000000000e+02,3.000030961402342378e-01,3.096140234248867529e-06,-1.291024873815216356e-03
4.850000000000000000e+02,3.000069448705395825e-01,6.944870539593583914e-06,-1.284080003275622772e-03
4.860000000000000000e+02,2.999952316271197184e-01,-4.768372880270543845e-06,-1.288848376155893316e-03
4.870000000000000000e+02,3.000141123887032357e-01,1.411238870324682537e-05,-1.274735987452646491e-03
4.880000000000000000e+02,2.999860578217638518e-01,-1.394217823613708163e-05,-1.288678165688783572e-03
4.890000000000000000e+02,3.000262911719502323e-01,2.629117195024344156e-05,-1.262386993738540131e-03
4.900000000000000000e+02,2.999882642020688661e-01,-1.173579793112278224e-05,-1.274122791669662913e-03
4.910000000000000000e+02,3.000056061492405446e-01,5.606149240555691193e-06,-1.268516642429107222e-03
4.920000000000000000e+02,3.000053744467239270e-01,5.374446723938053339e-06,-1.263142195705169168e-03
4.930000000000000000e+02,3.000102204146484763e-01,1.022041464848744141e-05,-1.252921781056681727e-03
4.940000000000000000e+02,2.999844325940383971e-01,-1.556740596159178480e-05,-1.268489187018273512e-03
4.950000000000000000e+02,2.999774151199295913e-01,-2.258488007039760603e-05,-1.291074067088671118e-03
4.960000000000000000e+02,2.999818356883197090e-01,-1.816431168027987653e-05,-1.309238378768950994e-03
4.970000000000000000e+02,2.999620480896219576e-01,-3.795191037803125056e-05,-1.347190289146982245e-03
4.980000000000000000e+02,2.999878584357811295e-01,-1.214156421885936865e-05,-1.359331853365841614e-03
4.990000000000000000e+02,3.000069956838468666e-01,6.995683846877653878e-06,-1.352336169518963960e-03
