0.000000000000000000e+00,3.000080330046517862e-01,8.033004651797348572e-06,8.033004651797348572e-06
1.000000000000000000e+00,2.999975976355430118e-01,-2.402364456977057472e-06,5.630640194820291100e-06
2.000000000000000000e+00,2.999999157531220151e-01,-8.424687797381480436e-08,5.546393316846476296e-06
3.000000000000000000e+00,3.000035684428328797e-01,3.568442832890816874e-06,9.114836149737293169e-06
4.000000000000000000e+00,2.999910719538169124e-01,-8.928046183076521203e-06,1.867899666607719666e-07
5.000000000000000000e+00,2.999992118290066290e-01,-7.881709933599267970e-07,-6.013810266991548303e-07
6.000000000000000000e+00,3.000006642979391458e-01,6.642979391568992753e-07,6.291691245774444496e-08
7.000000000000000000e+00,3.000161884578858573e-01,1.618845788586842360e-05,1.625137479832616805e-05
8.000000000000000000e+00,3.000000260041836841e-01,2.600418369524959417e-08,1.627737898202141764e-05
9.000000000000000000e+00,2.999938849674049224e-01,-6.115032595066516308e-06,1.016234638695490133e-05
1.000000000000000000e+01,2.999922492050571265e-01,-7.750794942862349046e-06,2.411551444092552288e-06
1.100000000000000000e+01,3.000035944204923477e-01,3.594420492358807451e-06,6.005971936451359738e-06
1.200000000000000000e+01,2.999969510783578874e-01,-3.048921642101465324e-06,2.957050294349894415e-06
1.300000000000000000e+01,3.000079121186486897e-01,7.912118648700783297e-06,1.086916894305067771e-05
1.400000000000000000e+01,2.999940380180908805e-01,-5.961981909108349242e-06,4.907187033942328469e-06
1.500000000000000000e+01,2.999929701195408471e-01,-7.029880459141768512e-06,-2.122693425199440043e-06
1.600000000000000000e+01,3.000064953937893186e-01,6.495393789329728662e-06,4.372700364130288619e-06
1.700000000000000000e+01,2.999915753900702642e-01,-8.424609929724713453e-06,-4.051909565594424834e-06
1.800000000000000000e+01,2.999934516048124999e-01,-6.548395187488953439e-06,-1.060030475308337827e-05
1.900000000000000000e+01,3.000049762899164030e-01,4.976289916414078363e-06,-5.624014836669299910e-06
2.000000000000000000e+01,2.999982686166538515e-01,-1.731383346137427282e-06,-7.355398182806727192e-06
2.100000000000000000e+01,3.000021113341436174e-01,2.111334143628518234e-06,-5.244064039178208958e-06
2.200000000000000000e+01,3.000066753715406875e-01,6.675371540698638029e-06,1.431307501520429071e-06
2.300000000000000000e+01,2.999994179225293767e-01,-5.820774706122300302e-07,8.492300309081990406e-07
2.400000000000000000e+01,3.000046624432129438e-01,4.662443212954947569e-06,5.511673243863146610e-06
2.500000000000000000e+01,3.000036966711287501e-01,3.696671128761153113e-06,9.208344372624299723e-06
2.600000000000000000e+01,3.000037959514924024e-01,3.795951492413518480e-06,1.300429586503781820e-05
2.700000000000000000e+01,3.000040920227156072e-01,4.092022715618259809e-06,1.709631858065607801e-05
2.800000000000000000e+01,3.000157473287201615e-01,1.574732872017259311e-05,3.284364730082867112e-05
2.900000000000000000e+01,2.999986445877841357e-01,-1.355412215853224467e-06,3.148823508497544665e-05
3.000000000000000000e+01,3.000029146898702814e-01,2.914689870292530571e-06,3.440292495526797723e-05
3.100000000000000000e+01,2.999930415990798571e-01,-6.958400920131779799e-06,2.744452403513619743e-05
3.200000000000000000e+01,3.000033269395871449e-01,3.326939587156019229e-06,3.077146362229221666e-05
3.300000000000000000e+01,3.000045640746483722e-01,4.564074648383265043e-06,3.533553827067548170e-05
3.400000000000000000e+01,2.999965997114833471e-01,-3.400288516641758463e-06,3.193524975403372324e-05
3.500000000000000000e+01,3.000120529349549758e-01,1.205293495498693801e-05,4.398818470902066124e-05
3.600000000000000000e+01,2.999993577294654545e-01,-6.422705345343615591e-07,4.334591417448629969e-05
3.700000000000000000e+01,2.999997058232639069e-01,-2.941767360820080057e-07,4.305173743840429168e-05
3.800000000000000000e+01,2.999998094415403660e-01,-1.905584596229026317e-07,4.286117897878138905e-05
3.900000000000000000e+01,3.000040029116071705e-01,4.002911607181580678e-06,4.686409058596296973e-05
4.000000000000000000e+01,3.000026132462011441e-01,2.613246201155217108e-06,4.947733678711818683e-05
4.100000000000000000e+01,3.000039066679856536e-01,3.906667985664746823e-06,5.338400477278293366e-05
4.200000000000000000e+01,3.000063557527377633e-01,6.355752737774444938e-06,5.973975751055737859e-05
4.300000000000000000e+01,2.999953547093034412e-01,-4.645290696547732523e-06,5.509446681400964607e-05
4.400000000000000000e+01,3.000193026581129407e-01,1.930265811295184264e-05,7.439712492696148871e-05
4.500000000000000000e+01,2.999965633585207625e-01,-3.436641479226398843e-06,7.096048344773508987e-05
4.600000000000000000e+01,3.000081410890697575e-01,8.141089069768625563e-06,7.910157251750371543e-05
4.700000000000000000e+01,3.000072856771625052e-01,7.285677162516268623e-06,8.638724968001998405e-05
4.800000000000000000e+01,2.999908988824034339e-01,-9.101117596554963995e-06,7.728613208346502006e-05
4.900000000000000000e+01,2.999965234524500923e-01,-3.476547549896569222e-06,7.380958453356845084e-05
5.000000000000000000e+01,3.000040496244069099e-01,4.049624406921026321e-06,7.785920894048947716e-05
5.100000000000000000e+01,2.999964183206867419e-01,-3.581679313247043694e-06,7.427752962724243346e-05
5.200000000000000000e+01,3.000019642705087364e-01,1.964270508747478772e-06,7.624180013598991223e-05
5.300000000000000000e+01,2.999832973539567349e-01,-1.670264604325399915e-05,5.953915409273591308e-05
5.400000000000000000e+01,3.000061740167107027e-01,6.174016710713825518e-06,6.571317080344973860e-05
5.500000000000000000e+01,2.999979224846771042e-01,-2.077515322884693205e-06,6.363565548056504539e-05
5.600000000000000000e+01,3.000001509417474232e-01,1.509417474343521803e-07,6.378659722799939757e-05
5.700000000000000000e+01,3.000016519606394372e-01,1.651960639448279977e-06,6.543855786744767755e-05
5.800000000000000000e+01,2.999775219447395891e-01,-2.247805526039980961e-05,4.296050260704786794e-05
5.900000000000000000e+01,2.999953825133139240e-01,-4.617486686064875556e-06,3.834301592098299238e-05
6.000000000000000000e+01,3.000003306675635417e-01,3.306675635528222301e-07,3.867368348453581461e-05
6.100000000000000000e+01,3.000044290690585536e-01,4.429069058564660821e-06,4.310275254310047544e-05
6.200000000000000000e+01,3.000048923237884635e-01,4.892323788474595148e-06,4.799507633157507058e-05
6.300000000000000000e+01,2.999926508391313473e-01,-7.349160868641568811e-06,4.064591546293350177e-05
6.400000000000000000e+01,2.999967597135494435e-01,-3.240286450545415420e-06,3.740562901238808635e-05
6.500000000000000000e+01,3.000027077067550230e-01,2.707706755034067214e-06,4.011333576742215357e-05
6.600000000000000000e+01,3.000076217270376544e-01,7.621727037665504412e-06,4.773506280508765798e-05
6.700000000000000000e+01,3.000006180417393309e-01,6.180417393419901373e-07,4.835310454442964812e-05
6.800000000000000000e+01,3.000005843316902454e-01,5.843316902565121040e-07,4.893743623468616022e-05
6.900000000000000000e+01,2.999912028511761419e-01,-8.797148823846967503e-06,4.014028741083919272e-05
7.000000000000000000e+01,2.999887960984937152e-01,-1.120390150627370573e-05,2.893638590456548698e-05
7.100000000000000000e+01,3.000010550440631585e-01,1.055044063169585655e-06,2.999142996773507264e-05
7.200000000000000000e+01,3.000039476762549340e-01,3.947676254945076124e-06,3.393910622268014876e-05
7.300000000000000000e+01,2.999888821964276642e-01,-1.111780357232472483e-05,2.282130265035542394e-05
7.400000000000000000e+01,2.999980272657212232e-01,-1.972734278765653215e-06,2.084856837158977072e-05
7.500000000000000000e+01,2.999906668157879541e-01,-9.333184212034772997e-06,1.151538415955499772e-05
7.600000000000000000e+01,3.000040494511553302e-01,4.049451155341277087e-06,1.556483531489627481e-05
7.700000000000000000e+01,3.000016055470740017e-01,1.605547074012836362e-06,1.717038238890911117e-05
7.800000000000000000e+01,3.000034154315754931e-01,3.415431575504168649e-06,2.058581396441327982e-05
7.900000000000000000e+01,2.999948772362947547e-01,-5.122763705234234521e-06,1.546305025917904530e-05
8.000000000000000000e+01,3.000024287524035160e-01,2.428752403527134618e-06,1.789180266270617992e-05
8.100000000000000000e+01,3.000138353582733064e-01,1.383535827331749957e-05,3.172716093602367948e-05
8.200000000000000000e+01,3.000023680098085621e-01,2.368009808573212638e-06,3.409517074459689212e-05
8.300000000000000000e+01,2.999996779918017720e-01,-3.220081982169276102e-07,3.377316254637996451e-05
8.400000000000000000e+01,3.000084883541525582e-01,8.488354152569321798e-06,4.226151669894928631e-05
8.500000000000000000e+01,3.000058110896207109e-01,5.811089620721965332e-06,4.807260631967125164e-05
8.600000000000000000e+01,2.999961127116071991e-01,-3.887288392789844949e-06,4.418531792688140669e-05
8.700000000000000000e+01,3.000037367279679290e-01,3.736727967940112194e-06,4.792204589482151889e-05
8.800000000000000000e+01,2.999919589230941042e-01,-8.041076905884736448e-06,3.988096898893678244e-05
8.900000000000000000e+01,3.000001009419344111e-01,1.009419344222273196e-07,3.998191092335900976e-05
9.000000000000000000e+01,2.999965145823419443e-01,-3.485417658044553946e-06,3.649649326531445581e-05
9.100000000000000000e+01,2.999989040100333182e-01,-1.095989966670707361e-06,3.540050329864374845e-05
9.200000000000000000e+01,3.000022341548793658e-01,2.234154879376948344e-06,3.763465817802069679e-05
9.300000000000000000e+01,3.000062095237638893e-01,6.209523763900381965e-06,4.384418194192107876e-05
9.400000000000000000e+01,2.999890907129224571e-01,-1.090928707753180404e-05,3.293489486438927472e-05
9.500000000000000000e+01,3.000075683018436079e-01,7.568301843619007485e-06,4.050319670800828220e-05
9.600000000000000000e+01,2.999885755641272245e-01,-1.142443587276442685e-05,2.907876083524385535e-05
9.700000000000000000e+01,3.000036031126590563e-01,3.603112659067431167e-06,3.268187349431128652e-05
9.800000000000000000e+01,2.999925956266842886e-01,-7.404373315700318869e-06,2.527750017861096765e-05
9.900000000000000000e+01,3.000100384243169493e-01,1.003842431696044812e-05,3.531592449557141578e-05
1.000000000000000000e+02,3.000017539479624129e-01,1.753947962424007301e-06,3.706987245799542308e-05
1.010000000000000000e+02,3.000072970898198244e-01,7.297089819835456126e-06,4.436696227783087920e-05
1.020000000000000000e+02,2.999976514060290755e-01,-2.348593970913359641e-06,4.201836830691751956e-05
1.030000000000000000e+02,3.000014243413849369e-01,1.424341384947958034e-06,4.344270969186547759e-05
1.040000000000000000e+02,3.000098992116756458e-01,9.899211675656882647e-06,5.334192136752236024e-05
1.050000000000000000e+02,3.000053950352589149e-01,5.395035258926039745e-06,5.873695662644839999e-05
1.060000000000000000e+02,2.999941755176347424e-01,-5.824482365246463900e-06,5.291247426120193609e-05
1.070000000000000000e+02,3.000139934831957955e-01,1.399348319580662192e-05,6.690595745700855801e-05
1.080000000000000000e+02,2.999977888744508325e-01,-2.211125549156367498e-06,6.469483190785219051e-05
1.090000000000000000e+02,2.999912783506840652e-01,-8.721649315923674095e-06,5.597318259192851642e-05
1.100000000000000000e+02,2.999984178559400583e-01,-1.582144059930623570e-06,5.439103853199789285e-05
1.110000000000000000e+02,3.000009096568831413e-01,9.096568831523654808e-07,5.530069541515025833e-05
1.120000000000000000e+02,3.000000890927618236e-01,8.909276183466374732e-08,5.538978817698492207e-05
1.130000000000000000e+02,2.999909083105790075e-01,-9.091689420981374781e-06,4.629809875600354729e-05
1.140000000000000000e+02,2.999926156986427728e-01,-7.384301357216127570e-06,3.891379739878741972e-05
1.150000000000000000e+02,2.999901007672057252e-01,-9.899232794263745916e-06,2.901456460452367381e-05
1.160000000000000000e+02,2.999967220076688590e-01,-3.277992331129908621e-06,2.573657227339376519e-05
1.170000000000000000e+02,2.999976481482539703e-01,-2.351851746018596145e-06,2.338472052737516904e-05
1.180000000000000000e+02,3.000035057334586863e-01,3.505733458697424254e-06,2.689045398607259330e-05
1.190000000000000000e+02,2.999945388490445342e-01,-5.461150955454741052e-06,2.142930303061785224e-05
1.200000000000000000e+02,3.000048828958752911e-01,4.882895875302217803e-06,2.631219890592007005e-05
1.210000000000000000e+02,3.000012606753836852e-01,1.260675383696341356e-06,2.757287428961641140e-05
1.220000000000000000e+02,2.999981777347143774e-01,-1.822265285611468499e-06,2.575060900400494290e-05
1.230000000000000000e+02,2.999930137123048568e-01,-6.986287695132098463e-06,1.876432130887284444e-05
1.240000000000000000e+02,2.999952747281598442e-01,-4.725271840144706914e-06,1.403904946872813753e-05
1.250000000000000000e+02,2.999974713189966780e-01,-2.528681003310939701e-06,1.151036846541719783e-05
1.260000000000000000e+02,3.000054455834700318e-01,5.445583470042869578e-06,1.695595193546006740e-05
1.270000000000000000e+02,2.999985068883728179e-01,-1.493111627171028744e-06,1.546284030828903866e-05
1.280000000000000000e+02,3.000056776227046362e-01,5.677622704647333762e-06,2.114046301293637242e-05
1.290000000000000000e+02,3.000051442309704663e-01,5.144230970477448039e-06,2.628469398341382046e-05
1.300000000000000000e+02,3.000068207763750272e-01,6.820776375038306583e-06,3.310547035845212704e-05
1.310000000000000000e+02,3.000138345666429340e-01,1.383456664294513416e-05,4.694003700139726121e-05
1.320000000000000000e+02,2.999898962704428684e-01,-1.010372955712046661e-05,3.683630744427679460e-05
1.330000000000000000e+02,3.000088364420216980e-01,8.836442021709078887e-06,4.567274946598587348e-05
1.340000000000000000e+02,3.000064216724925292e-01,6.421672492540331234e-06,5.209442195852620472e-05
1.350000000000000000e+02,3.000084218266137470e-01,8.421826613758121027e-06,6.051624857228432575e-05
1.360000000000000000e+02,3.000068689815517664e-01,6.868981551777508798e-06,6.738523012406183454e-05
1.370000000000000000e+02,3.000093237532576174e-01,9.323753257628464297e-06,7.670898338169029884e-05
1.380000000000000000e+02,2.999962023209288842e-01,-3.797679071104731463e-06,7.291130431058556738e-05
1.390000000000000000e+02,3.000000658117626395e-01,6.581176265063604092e-08,7.297711607323620342e-05
1.400000000000000000e+02,2.999990268551038231e-01,-9.731448961658450969e-07,7.200397117707035832e-05
1.410000000000000000e+02,2.999986125587386643e-01,-1.387441261324617869e-06,7.061652991574574045e-05
1.420000000000000000e+02,3.000051514493126126e-01,5.151449312623679333e-06,7.576797922836941979e-05
1.430000000000000000e+02,3.000019416942841244e-01,1.941694284135486726e-06,7.770967351250490651e-05
1.440000000000000000e+02,2.999936358169609241e-01,-6.364183039064830183e-06,7.134549047344007633e-05
1.450000000000000000e+02,2.999985111381729963e-01,-1.488861826992593507e-06,6.985662864644748282e-05
1.460000000000000000e+02,2.999955275970774826e-01,-4.472402922506280021e-06,6.538422572394120280e-05
1.470000000000000000e+02,2.999925682850657638e-01,-7.431714934225119862e-06,5.795251078971608294e-05
1.480000000000000000e+02,3.000013315467188191e-01,1.331546718830178833e-06,5.928405750854626177e-05
1.490000000000000000e+02,3.000091602728324203e-01,9.160272832431370915e-06,6.844433034097763269e-05
1.500000000000000000e+02,2.999864338268053987e-01,-1.356617319459019200e-05,5.487815714638744069e-05
1.510000000000000000e+02,3.000046058187227915e-01,4.605818722802634824e-06,5.948397586919007551e-05
1.520000000000000000e+02,3.000047479847122722e-01,4.747984712283326303e-06,6.423196058147340182e-05
1.530000000000000000e+02,2.999973872377133532e-01,-2.612762286635650355e-06,6.161919829483775146e-05
1.540000000000000000e+02,3.000025660166984465e-01,2.566016698457573852e-06,6.418521499329532531e-05
1.550000000000000000e+02,2.999979947700587846e-01,-2.005229941204333954e-06,6.217998505209099136e-05
1.560000000000000000e+02,2.999955503686490554e-01,-4.449631350933458407e-06,5.773035370115753295e-05
1.570000000000000000e+02,3.000020035625480808e-01,2.003562548091863960e-06,5.973391624924939691e-05
1.580000000000000000e+02,3.000031425021827958e-01,3.142502182806872213e-06,6.287641843205626913e-05
1.590000000000000000e+02,3.000048778159727370e-01,4.877815972748056339e-06,6.775423440480432546e-05
1.600000000000000000e+02,3.000014589153821021e-01,1.458915382113179504e-06,6.921314978691750497e-05
1.610000000000000000e+02,2.999965488292055116e-01,-3.451170794477320669e-06,6.576197899244018430e-05
1.620000000000000000e+02,2.999932573228688004e-01,-6.742677131188479223e-06,5.901930186125170508e-05
1.630000000000000000e+02,2.999947853474141390e-01,-5.214652585849854916e-06,5.380464927540185016e-05
1.640000000000000000e+02,3.000029070757976313e-01,2.907075797642377779e-06,5.671172507304422794e-05
1.650000000000000000e+02,3.000029691328267578e-01,2.969132826768916544e-06,5.968085789981314448e-05
1.660000000000000000e+02,3.000059409340015693e-01,5.940934001580355783e-06,6.562179190139350027e-05
1.670000000000000000e+02,3.000025276479156289e-01,2.527647915639974485e-06,6.814943981703347475e-05
1.680000000000000000e+02,3.000042936891869072e-01,4.293689186918303591e-06,7.244312900395177834e-05
1.690000000000000000e+02,2.999974490152266804e-01,-2.550984773308506703e-06,6.989214423064327164e-05
1.700000000000000000e+02,3.000117051736971852e-01,1.170517369719625833e-05,8.159731792783952997e-05
1.710000000000000000e+02,2.999927678926558872e-01,-7.232107344101734725e-06,7.436521058373779525e-05
1.720000000000000000e+02,3.000084386932035385e-01,8.438693203549618715e-06,8.280390378728741396e-05
1.730000000000000000e+02,2.999924893223844258e-01,-7.510677615563121634e-06,7.529322617172429233e-05
1.740000000000000000e+02,3.000007307888845065e-01,7.307888845176080395e-07,7.602401505624190037e-05
1.750000000000000000e+02,3.000003387382411124e-01,3.387382411235151380e-07,7.636275329736541551e-05
1.760000000000000000e+02,3.000029347231977228e-01,2.934723197733912770e-06,7.929747649509932828e-05
1.770000000000000000e+02,2.999975158158685318e-01,-2.484184131457123357e-06,7.681329236364220492e-05
1.780000000000000000e+02,3.000051964066085541e-01,5.196406608565240504e-06,8.200969897220744542e-05
1.790000000000000000e+02,3.000048019331282290e-01,4.801933128240065685e-06,8.681163210044751111e-05
1.800000000000000000e+02,3.000084613724582905e-01,8.461372458301585908e-06,9.527300455874909701e-05
1.810000000000000000e+02,2.999961920412106964e-01,-3.807958789292520407e-06,9.146504576945657661e-05
1.820000000000000000e+02,2.999937361002368852e-01,-6.263899763103708551e-06,8.520114600635286806e-05
1.830000000000000000e+02,3.000004519111236778e-01,4.519111236889195027e-07,8.565305713004178756e-05
1.840000000000000000e+02,2.999960125618852946e-01,-3.987438114694263902e-06,8.166561901534752366e-05
1.850000000000000000e+02,3.000044105120739935e-01,4.410512074004557803e-06,8.607613108935208146e-05
1.860000000000000000e+02,2.999952339361681153e-01,-4.766063831873612600e-06,8.131006725747846886e-05
1.870000000000000000e+02,3.000111992059256161e-01,1.119920592562717587e-05,9.250927318310564473e-05
1.880000000000000000e+02,3.000093089646377886e-01,9.308964637799732600e-06,1.018182378209053773e-04
1.890000000000000000e+02,3.000048889530032570e-01,4.888953003268081687e-06,1.067071908241734590e-04
1.900000000000000000e+02,2.999969684540526038e-01,-3.031545947385083650e-06,1.036756448767883754e-04
1.910000000000000000e+02,2.999980010824477850e-01,-1.998917552203938186e-06,1.016767273245844372e-04
1.920000000000000000e+02,2.999958354466620292e-01,-4.164553337959731039e-06,9.751217398662470615e-05
1.930000000000000000e+02,2.999971706462806753e-01,-2.829353719313587590e-06,9.468282026731111856e-05
1.940000000000000000e+02,2.999957343146422706e-01,-4.265685357718318471e-06,9.041713490959280008e-05
1.950000000000000000e+02,2.999973897832131087e-01,-2.610216786880226181e-06,8.780691812271257390e-05
1.960000000000000000e+02,3.000105048144255382e-01,1.050481442554929146e-05,9.831173254826186536e-05
1.970000000000000000e+02,2.999954722499897919e-01,-4.527750010197006958e-06,9.378398253806485840e-05
1.980000000000000000e+02,3.000060789397150374e-01,6.078939715048470305e-06,9.986292225311332871e-05
1.990000000000000000e+02,3.000061832345634061e-01,6.183234563417183693e-06,1.060461568165305124e-04
2.000000000000000000e+02,3.000083290932805680e-01,8.329093280579069614e-06,1.143752500971095820e-04
2.010000000000000000e+02,3.000011264169646363e-01,1.126416964647436458e-06,1.155016670617570185e-04
2.020000000000000000e+02,2.999991035426121666e-01,-8.964573878222914516e-07,1.146052096739347270e-04
2.030000000000000000e+02,2.999981009444237512e-01,-1.899055576237707044e-06,1.127061540976970200e-04
2.040000000000000000e+02,3.000012478033218799e-01,1.247803321891005623e-06,1.139539574195880256e-04
2.050000000000000000e+02,2.999973559750956920e-01,-2.644024904296937706e-06,1.113099325152910879e-04
2.060000000000000000e+02,3.000009156029022628e-01,9.156029022738820800e-07,1.122255354175649700e-04
2.070000000000000000e+02,3.000021561883706167e-01,2.156188370627809547e-06,1.143817237881927795e-04
2.080000000000000000e+02,2.999955159307907127e-01,-4.484069209276242418e-06,1.098976545789165371e-04
2.090000000000000000e+02,3.000084933192231351e-01,8.493319223146222896e-06,1.183909738020627600e-04
2.100000000000000000e+02,3.000044763746324561e-01,4.476374632467194914e-06,1.228673484345299549e-04
2.110000000000000000e+02,3.000029129625648716e-01,2.912962564882715100e-06,1.257803109994126700e-04
2.120000000000000000e+02,2.999998981088411454e-01,-1.018911588435145177e-07,1.256784198405691555e-04
2.130000000000000000e+02,2.999994759128848387e-01,-5.240871151501735881e-07,1.251543327254189819e-04
2.140000000000000000e+02,3.000055497639802504e-01,5.549763980261523955e-06,1.307040967056805059e-04
2.150000000000000000e+02,3.000000002921909270e-01,2.921909381115028737e-10,1.307043888966186174e-04
2.160000000000000000e+02,3.000107954867666238e-01,1.079548676663488749e-05,1.414998756632535049e-04
2.170000000000000000e+02,2.999958381683434649e-01,-4.161831656523951040e-06,1.373380440067295538e-04
2.180000000000000000e+02,2.999957824012693952e-01,-4.217598730593685730e-06,1.331204452761358681e-04
2.190000000000000000e+02,2.999957776770903473e-01,-4.222322909641640365e-06,1.288981223664942277e-04
2.200000000000000000e+02,3.000008895842957157e-01,8.895842957268307316e-07,1.297877066622210585e-04
2.210000000000000000e+02,3.000040671483089616e-01,4.067148308972701187e-06,1.338548549711937596e-04
2.220000000000000000e+02,3.000031413266279201e-01,3.141326627931206872e-06,1.369961815991249665e-04
2.230000000000000000e+02,2.999857949143202585e-01,-1.420508567973044478e-05,1.227910959193945217e-04
2.240000000000000000e+02,3.000004927431146329e-01,4.927431146439786858e-07,1.232838390340385004e-04
2.250000000000000000e+02,2.999912963778181285e-01,-8.703622181860382057e-06,1.145802168521781184e-04
2.260000000000000000e+02,3.000028139839648889e-01,2.813983964899957613e-06,1.173942008170780760e-04
2.270000000000000000e+02,2.999979661468339942e-01,-2.033853165994692347e-06,1.153603476510833836e-04
2.280000000000000000e+02,2.999974015338143785e-01,-2.598466185610437407e-06,1.127618814654729462e-04
2.290000000000000000e+02,3.000005895731913674e-01,5.895731913785340339e-07,1.133514546568514803e-04
2.300000000000000000e+02,2.999974091300498524e-01,-2.590869950136465150e-06,1.107605847067150151e-04
2.310000000000000000e+02,2.999970621798539461e-01,-2.937820146042824376e-06,1.078227645606721907e-04
2.320000000000000000e+02,3.000008911793853872e-01,8.911793853982885594e-07,1.087139439460704793e-04
2.330000000000000000e+02,2.999933386055076978e-01,-6.661394492291083935e-06,1.020525494537793953e-04
2.340000000000000000e+02,2.999926631851808079e-01,-7.336814819181025626e-06,9.471573463459836972e-05
2.350000000000000000e+02,3.000006898286393664e-01,6.898286393774988312e-07,9.540556327397586855e-05
2.360000000000000000e+02,2.999980088190097871e-01,-1.991180990201790735e-06,9.341438228377407782e-05
2.370000000000000000e+02,2.999974332243714459e-01,-2.566775628543016552e-06,9.084760665523106127e-05
2.380000000000000000e+02,2.999994564452339585e-01,-5.435547660304074213e-07,9.030405188920065385e-05
2.390000000000000000e+02,2.999937627634617354e-01,-6.237236538253476681e-06,8.406681535094717717e-05
2.400000000000000000e+02,3.000078681672392333e-01,7.868167239244439060e-06,9.193498259019161623e-05
2.410000000000000000e+02,3.000060809097989112e-01,6.080909798922284892e-06,9.801589238911390112e-05
2.420000000000000000e+02,3.000078750185712351e-01,7.875018571246172883e-06,1.058909109603600740e-04
2.430000000000000000e+02,3.000014038366249913e-01,1.403836625002430338e-06,1.072947475853625043e-04
2.440000000000000000e+02,3.000022474998871869e-01,2.247499887197967894e-06,1.095422474725604722e-04
2.450000000000000000e+02,3.000000918590002286e-01,9.185900023966908634e-08,1.096341064728001413e-04
2.460000000000000000e+02,2.999970558779341268e-01,-2.944122065862142534e-06,1.066899844069379988e-04
2.470000000000000000e+02,3.000072288513265240e-01,7.228851326535057353e-06,1.139188357334730561e-04
2.480000000000000000e+02,3.000009677997277913e-01,9.677997278023653394e-07,1.148866354612754215e-04
2.490000000000000000e+02,3.000085789167653560e-01,8.578916765367150532e-06,1.234655522266425720e-04
2.500000000000000000e+02,3.000081329684294862e-01,8.132968429497289264e-06,1.315985206561398613e-04
2.510000000000000000e+02,3.000011654428622609e-01,1.165442862272048075e-06,1.327639635184119093e-04
2.520000000000000000e+02,3.000034856385385140e-01,3.485638538525126506e-06,1.362496020569370359e-04
2.530000000000000000e+02,3.000002222153014264e-01,2.222153014375116697e-07,1.364718173583745475e-04
2.540000000000000000e+02,3.000051068740690607e-01,5.106874069071842825e-06,1.415786914274463903e-04
2.550000000000000000e+02,3.000011475696843233e-01,1.147569684334381890e-06,1.427262611117807722e-04
2.560000000000000000e+02,3.000064380524540830e-01,6.438052454094123078e-06,1.491643135658748953e-04
2.570000000000000000e+02,3.000159595569223958e-01,1.595955692240691448e-05,1.651238704882818098e-04
2.580000000000000000e+02,3.000058144945330074e-01,5.814494533018521594e-06,1.709383650213003314e-04
2.590000000000000000e+02,3.000026349162199790e-01,2.634916219990124375e-06,1.735732812412904558e-04
2.600000000000000000e+02,3.000056623444727344e-01,5.662344472745495239e-06,1.792356257140359510e-04
2.610000000000000000e+02,2.999961034278952887e-01,-3.896572104700180006e-06,1.753390536093357710e-04
2.620000000000000000e+02,3.000040350789409671e-01,4.035078940978209516e-06,1.793741325503139805e-04
2.630000000000000000e+02,2.999942110515597116e-01,-5.788948440277330576e-06,1.735851841100366499e-04
2.640000000000000000e+02,2.999968433913292598e-01,-3.156608670729088573e-06,1.704285754393075614e-04
2.650000000000000000e+02,2.999961478153812533e-01,-3.852184618735599031e-06,1.665763908205719623e-04
2.660000000000000000e+02,2.999994801058998850e-01,-5.198941001038903664e-07,1.660564967204680720e-04
2.670000000000000000e+02,3.000102494383713458e-01,1.024943837135694480e-05,1.763059350918250168e-04
2.680000000000000000e+02,2.999962076169725989e-01,-3.792383027390044958e-06,1.725135520644349718e-04
2.690000000000000000e+02,3.000045252586867606e-01,4.525258686771671535e-06,1.770388107512066433e-04
2.700000000000000000e+02,2.999959358147907262e-01,-4.064185209262660692e-06,1.729746255419439827e-04
2.710000000000000000e+02,3.000030151759813246e-01,3.015175981335715960e-06,1.759898015232796986e-04
2.720000000000000000e+02,2.999957010223880949e-01,-4.298977611894017059e-06,1.716908239113856816e-04
2.730000000000000000e+02,2.999949062553645129e-01,-5.093744635475960791e-06,1.665970792759097208e-04
2.740000000000000000e+02,3.000012786978861201e-01,1.278697886131219263e-06,1.678757771620409400e-04
2.750000000000000000e+02,2.999955000001178762e-01,-4.499999882112692973e-06,1.633757772799282471e-04
2.760000000000000000e+02,2.999939759334164235e-01,-6.024066583565357291e-06,1.573517106963628898e-04
2.770000000000000000e+02,3.000037545393542393e-01,3.754539354250407968e-06,1.611062500506132977e-04
2.780000000000000000e+02,2.999986785805469069e-01,-1.321419453081951190e-06,1.597848305975313465e-04
2.790000000000000000e+02,2.999923037254365599e-01,-7.696274563429028603e-06,1.520885560341023179e-04
2.800000000000000000e+02,3.000016391204708421e-01,1.639120470853239198e-06,1.537276765049555571e-04
2.810000000000000000e+02,2.999961442255205113e-01,-3.855774479477602767e-06,1.498719020254779544e-04
2.820000000000000000e+02,2.999890054341655676e-01,-1.099456583442126600e-05,1.388773361910566884e-04
2.830000000000000000e+02,2.999910360531995446e-01,-8.963946800444322349e-06,1.299133893906123660e-04
2.840000000000000000e+02,3.000010905162919794e-01,1.090516291990528686e-06,1.310039056826028947e-04
2.850000000000000000e+02,2.999973330806765537e-01,-2.666919323435212874e-06,1.283369863591676818e-04
2.860000000000000000e+02,2.999859107095714794e-01,-1.408929042850948221e-05,1.142476959306581996e-04
2.870000000000000000e+02,3.000074423299076698e-01,7.442329907680900192e-06,1.216900258383390998e-04
2.880000000000000000e+02,3.000102514877586168e-01,1.025148775862794182e-05,1.319415135969670416e-04
2.890000000000000000e+02,3.000010168848949443e-01,1.016884894955438767e-06,1.329583984919224804e-04
2.900000000000000000e+02,3.000048157408970462e-01,4.815740897057274594e-06,1.377741393889797550e-04
2.910000000000000000e+02,2.999903003050728989e-01,-9.699694927089996810e-06,1.280744444618897582e-04
2.920000000000000000e+02,2.999944170359490347e-01,-5.582964050954153379e-06,1.224914804109356048e-04
2.930000000000000000e+02,3.000027241859758997e-01,2.724185975910842217e-06,1.252156663868464470e-04
2.940000000000000000e+02,3.000047830644180236e-01,4.783064418034665977e-06,1.299987308048811130e-04
2.950000000000000000e+02,2.999979032604234708e-01,-2.096739576518125148e-06,1.279019912283629878e-04
2.960000000000000000e+02,2.999968163337275451e-01,-3.183666272443819167e-06,1.247183249559191687e-04
2.970000000000000000e+02,3.000082269227342113e-01,8.226922734222430478e-06,1.329452476901415992e-04
2.980000000000000000e+02,2.999928543310200202e-01,-7.145668979968711199e-06,1.257995787101728880e-04
2.990000000000000000e+02,3.000054931288230198e-01,5.493128823030879460e-06,1.312927075332037674e-04
3.000000000000000000e+02,2.999958060203998245e-01,-4.193979600164432497e-06,1.270987279330393349e-04
3.010000000000000000e+02,2.999964565246687198e-01,-3.543475331269085871e-06,1.235552526017702490e-04
3.020000000000000000e+02,2.999889330766844497e-01,-1.106692331553915665e-05,1.124883292862310924e-04
3.030000000000000000e+02,2.999978214715353642e-01,-2.178528464624740479e-06,1.103098008216063519e-04
3.040000000000000000e+02,2.999885380611337915e-01,-1.146193886619739644e-05,9.884786195540895548e-05
3.050000000000000000e+02,3.000073592505874687e-01,7.359250587479770900e-06,1.062071125428887264e-04
3.060000000000000000e+02,3.000004795494515819e-01,4.795494515930087687e-07,1.066866619944817351e-04
3.070000000000000000e+02,3.000001945345271426e-01,1.945345271536780274e-07,1.068811965216354132e-04
3.080000000000000000e+02,2.999949405209090258e-01,-5.059479090963048264e-06,1.018217174306723649e-04
3.090000000000000000e+02,3.000005117265207577e-01,5.117265207688070916e-07,1.023334439514411720e-04
3.100000000000000000e+02,2.999953220835524514e-01,-4.677916447537455724e-06,9.765552750390371628e-05
3.110000000000000000e+02,3.000074274315005507e-01,7.427431500561798572e-06,1.050829590044655149e-04
3.120000000000000000e+02,2.999988266219559274e-01,-1.173378044061479386e-06,1.039095809604040355e-04
3.130000000000000000e+02,2.999985795229088148e-01,-1.420477091174099371e-06,1.024891038692299361e-04
3.140000000000000000e+02,2.999915614929017371e-01,-8.438507098251779581e-06,9.405059677097815651e-05
3.150000000000000000e+02,3.000005558530748906e-01,5.558530749016910022e-07,9.460644984587984752e-05
3.160000000000000000e+02,2.999895190031081071e-01,-1.048099689188175532e-05,8.412545295399809220e-05
3.170000000000000000e+02,3.000097083831625988e-01,9.708383162609912631e-06,9.383383611660800483e-05
3.180000000000000000e+02,3.000024914700190615e-01,2.491470019072572484e-06,9.632530613568057731e-05
3.190000000000000000e+02,2.999973111409419690e-01,-2.688859058019854587e-06,9.363644707766072273e-05
3.200000000000000000e+02,3.000020204571424709e-01,2.020457142482001700e-06,9.565690422014272443e-05
3.210000000000000000e+02,2.999931285632914668e-01,-6.871436708522082881e-06,8.878546751162064155e-05
3.220000000000000000e+02,3.000028300118892099e-01,2.830011889221051291e-06,9.161547940084169284e-05
3.230000000000000000e+02,3.000001130569587837e-01,1.130569587948215826e-07,9.172853635963651442e-05
3.240000000000000000e+02,2.999955708123517861e-01,-4.429187648202770333e-06,8.729934871143374409e-05
3.250000000000000000e+02,2.999999310830063770e-01,-6.891699361188940998e-08,8.723043171782185468e-05
3.260000000000000000e+02,2.999945315223391806e-01,-5.468477660808268581e-06,8.176195405701358609e-05
3.270000000000000000e+02,3.000021321312543732e-01,2.132131254384272978e-06,8.389408531139785907e-05
3.280000000000000000e+02,2.999944378475550288e-01,-5.562152444960055675e-06,7.833193286643780340e-05
3.290000000000000000e+02,2.999974650136542076e-01,-2.534986345781309325e-06,7.579694652065649407e-05
3.300000000000000000e+02,3.000058056514388616e-01,5.805651438872683201e-06,8.160259795952917727e-05
3.310000000000000000e+02,3.000015511592492579e-01,1.551159249268962981e-06,8.315375720879814025e-05
3.320000000000000000e+02,2.999868507809856366e-01,-1.314921901435228691e-05,7.000453819444585335e-05
3.330000000000000000e+02,3.000082747679552742e-01,8.274767955285255994e-06,7.827930614973110934e-05
3.340000000000000000e+02,3.000040236970596963e-01,4.023697059707398438e-06,8.230300320943850778e-05
3.350000000000000000e+02,2.999937576740693279e-01,-6.242325930660985733e-06,7.606067727877752205e-05
3.360000000000000000e+02,2.999986144247200337e-01,-1.385575279955197914e-06,7.467510199882232413e-05
3.370000000000000000e+02,2.999983052582264609e-01,-1.694741773528019024e-06,7.298036022529430511e-05
3.380000000000000000e+02,3.000038342555181314e-01,3.834255518142537511e-06,7.681461574343684262e-05
3.390000000000000000e+02,3.000099263220722956e-01,9.926322072306703603e-06,8.674093781574354622e-05
3.400000000000000000e+02,2.999869535864973513e-01,-1.304641350263757715e-05,7.369452431310596907e-05
3.410000000000000000e+02,3.000064203903451965e-01,6.420390345207582783e-06,8.011491465831355185e-05
3.420000000000000000e+02,2.999954969258173398e-01,-4.503074182649058343e-06,7.561184047566449351e-05
3.430000000000000000e+02,2.999978295789985649e-01,-2.170421001423950003e-06,7.344141947424054351e-05
3.440000000000000000e+02,2.999968037511509533e-01,-3.196248849035576711e-06,7.024517062520496680e-05
3.450000000000000000e+02,3.000040698505039294e-01,4.069850503940486419e-06,7.431502112914545322e-05
3.460000000000000000e+02,3.000004469064933010e-01,4.469064933121380534e-07,7.476192762245759127e-05
3.470000000000000000e+02,2.999999128246489399e-01,-8.717535104896256826e-08,7.467475227140862870e-05
3.480000000000000000e+02,3.000077084316228881e-01,7.708431622899247770e-06,8.238318389430787647e-05
3.490000000000000000e+02,3.000016345277744523e-01,1.634527774463379046e-06,8.401771166877125552e-05
3.500000000000000000e+02,2.999887697537291231e-01,-1.123024627086577354e-05,7.278746539790548198e-05
3.510000000000000000e+02,2.999977684901394825e-01,-2.231509860506353249e-06,7.055595553739912873e-05
3.520000000000000000e+02,3.000048256462748975e-01,4.825646274908557132e-06,7.538160181230768586e-05
3.530000000000000000e+02,3.000093755973606835e-01,9.375597360694598592e-06,8.475719917300228445e-05
3.540000000000000000e+02,3.000007517181849659e-01,7.517181849769905000e-07,8.550891735797927495e-05
3.550000000000000000e+02,2.999981157401336307e-01,-1.884259866358206637e-06,8.362465749162106832e-05
3.560000000000000000e+02,3.000004271293769120e-01,4.271293769231299109e-07,8.405178686854419823e-05
3.570000000000000000e+02,3.000039178244114368e-01,3.917824411447945465e-06,8.796961127999214369e-05
3.580000000000000000e+02,3.000025816152684377e-01,2.581615268448800293e-06,9.055122654844094399e-05
3.590000000000000000e+02,2.999931628903307890e-01,-6.837109669199925577e-06,8.371411687924101841e-05
3.600000000000000000e+02,2.999951059868534164e-01,-4.894013146572451234e-06,7.882010373266856718e-05
3.610000000000000000e+02,2.999982661164168896e-01,-1.733883583099338210e-06,7.708622014956922897e-05
3.620000000000000000e+02,3.000117506419049396e-01,1.175064190495067606e-05,8.883686205451990503e-05
3.630000000000000000e+02,3.000071954742790092e-01,7.195474279020341868e-06,9.603233633354024690e-05
3.640000000000000000e+02,2.999956582366207214e-01,-4.341763379267504774e-06,9.169057295427274212e-05
3.650000000000000000e+02,3.000039441719622446e-01,3.944171962255715869e-06,9.563474491652845799e-05
3.660000000000000000e+02,2.999894409534443196e-01,-1.055904655566930472e-05,8.507569836085915327e-05
3.670000000000000000e+02,3.000031295645004814e-01,3.129564500492509893e-06,8.820526286135166316e-05
3.680000000000000000e+02,2.999983918392764015e-01,-1.608160723587381824e-06,8.659710213776428134e-05
3.690000000000000000e+02,3.000009214347957864e-01,9.214347957975377312e-07,8.751853693356181907e-05
3.700000000000000000e+02,2.999955089609429582e-01,-4.491039057030743464e-06,8.302749787653107560e-05
3.710000000000000000e+02,3.000057011369406390e-01,5.701136940650108897e-06,8.872863481718118450e-05
3.720000000000000000e+02,2.999969485008642800e-01,-3.051499135708901633e-06,8.567713568147228287e-05
3.730000000000000000e+02,2.999947497353099291e-01,-5.250264690059847084e-06,8.042687099141243579e-05
3.740000000000000000e+02,2.999977345305799847e-01,-2.265469420004162515e-06,7.816140157140827327e-05
3.750000000000000000e+02,3.000030719695297998e-01,3.071969529810925081e-06,8.123337110121919835e-05
3.760000000000000000e+02,3.000038596539039704e-01,3.859653903981463685e-06,8.509302500520066204e-05
3.770000000000000000e+02,3.000138015273496328e-01,1.380152734964390504e-05,9.889455235484456708e-05
3.780000000000000000e+02,2.999999128359278622e-01,-8.716407212672194760e-08,9.880738828271784513e-05
3.790000000000000000e+02,3.000044792661009652e-01,4.479266100976264653e-06,1.032866543836941098e-04
3.800000000000000000e+02,3.000057400537465280e-01,5.740053746539075519e-06,1.090267081302331853e-04
3.810000000000000000e+02,3.000002738680144776e-01,2.738680144886984635e-07,1.093005761447218838e-04
3.820000000000000000e+02,3.000095525264212526e-01,9.552526421263696221e-06,1.188531025659855800e-04
3.830000000000000000e+02,2.999957640048941387e-01,-4.235995105850154374e-06,1.146171074601354256e-04
3.840000000000000000e+02,3.000057686292047499e-01,5.768629204760955531e-06,1.203857366648963811e-04
3.850000000000000000e+02,2.999923453925021355e-01,-7.654607497853405107e-06,1.127311291670429760e-04
3.860000000000000000e+02,3.000006129122309018e-01,6.129122309128653967e-07,1.133440413979558414e-04
3.870000000000000000e+02,3.000050768297813364e-01,5.076829781347491632e-06,1.184208711793033331e-04
3.880000000000000000e+02,2.999991600789213564e-01,-8.399210786325106426e-07,1.175809501006708224e-04
3.890000000000000000e+02,3.000001847082078288e-01,1.847082078398898375e-07,1.177656583085107123e-04
3.900000000000000000e+02,2.999916316569676278e-01,-8.368343032361114098e-06,1.093973152761495982e-04
3.910000000000000000e+02,2.999941683676424220e-01,-5.831632357566896019e-06,1.035656829185827021e-04
3.920000000000000000e+02,2.999951739483219249e-01,-4.826051678064047223e-06,9.873963124051865492e-05
3.930000000000000000e+02,3.000062462427039445e-01,6.246242703955573461e-06,1.049858739444742284e-04
3.940000000000000000e+02,3.000023424010296869e-01,2.342401029697960269e-06,1.073282749741721886e-04
3.950000000000000000e+02,3.000026384082279396e-01,2.638408227950694851e-06,1.099666832021228835e-04
3.960000000000000000e+02,3.000087130949848913e-01,8.713094984902358675e-06,1.186797781870252422e-04
3.970000000000000000e+02,3.000051597563586081e-01,5.159756358619205230e-06,1.238395345456444474e-04
3.980000000000000000e+02,2.999925022142724274e-01,-7.497785727561545599e-06,1.163417488180829018e-04
3.990000000000000000e+02,2.999984237318110702e-01,-1.576268188918650281e-06,1.147654806291642515e-04
4.000000000000000000e+02,2.999999378313498166e-01,-6.216865017227846124e-08,1.147033119789919731e-04
4.010000000000000000e+02,2.999944622256576210e-01,-5.537774342367907110e-06,1.091655376366240660e-04
4.020000000000000000e+02,3.000062171814651402e-01,6.217181465151266906e-06,1.153827191017753329e-04
4.030000000000000000e+02,2.999981293489216161e-01,-1.870651078372809195e-06,1.135120680234025237e-04
4.040000000000000000e+02,2.999954084065561410e-01,-4.591593443847852285e-06,1.089204745795546714e-04
4.050000000000000000e+02,2.999927720237054452e-01,-7.227976294543747571e-06,1.016924982850109238e-04
4.060000000000000000e+02,2.999926644830232525e-01,-7.335516976736400352e-06,9.435698130827452346e-05
4.070000000000000000e+02,3.000009631799470666e-01,9.631799470777302474e-07,9.532016125535225370e-05
4.080000000000000000e+02,2.999939149313580189e-01,-6.085068641970003966e-06,8.923509261338224974e-05
4.090000000000000000e+02,3.000012490324259762e-01,1.249032425987284256e-06,9.048412503936953399e-05
4.100000000000000000e+02,3.000099502322706169e-01,9.950232270627967779e-06,1.004343573099975018e-04
4.110000000000000000e+02,2.999936817843775194e-01,-6.318215622469480763e-06,9.411614168752802101e-05
4.120000000000000000e+02,2.999965858504208827e-01,-3.414149579106240395e-06,9.070199210842178061e-05
4.130000000000000000e+02,3.000012390417591268e-01,1.239041759137915477e-06,9.194103386755969609e-05
4.140000000000000000e+02,3.000026210891693079e-01,2.621089169319024137e-06,9.456212303687872023e-05
4.150000000000000000e+02,2.999958789333489473e-01,-4.121066651041616069e-06,9.044105638583710416e-05
4.160000000000000000e+02,2.999918560803714329e-01,-8.143919628555984502e-06,8.229713675728111966e-05
4.170000000000000000e+02,3.000087865761584260e-01,8.786576158437142681e-06,9.108371291571826234e-05
4.180000000000000000e+02,2.999983153268535596e-01,-1.684673146429283008e-06,8.939903976928897933e-05
4.190000000000000000e+02,3.000065291260740619e-01,6.529126074072966190e-06,9.592816584336194552e-05
4.200000000000000000e+02,2.999940241874770042e-01,-5.975812522984735864e-06,8.995235332037720966e-05
4.210000000000000000e+02,2.999988405077234077e-01,-1.159492276581186587e-06,8.879286104379602307e-05
4.220000000000000000e+02,3.000024641160650152e-01,2.464116065026278335e-06,9.125697710882230140e-05
4.230000000000000000e+02,2.999940352872038085e-01,-5.964712796180382526e-06,8.529226431264191888e-05
4.240000000000000000e+02,3.000027749625890916e-01,2.774962589102702992e-06,8.806722690174462187e-05
4.250000000000000000e+02,3.000020495694324940e-01,2.049569432505116140e-06,9.011679633424973801e-05
4.260000000000000000e+02,3.000033007382133521e-01,3.300738213363185736e-06,9.341753454761292375e-05
4.270000000000000000e+02,2.999985445414045659e-01,-1.455458595422953749e-06,9.196207595218997000e-05
4.280000000000000000e+02,2.999961595375723045e-01,-3.840462427684432356e-06,8.812161352450553764e-05
4.290000000000000000e+02,3.000000023476352973e-01,2.347635308375117802e-09,8.812396115981391276e-05
4.300000000000000000e+02,3.000027718562857104e-01,2.771856285721518987e-06,9.089581744553543174e-05
4.310000000000000000e+02,2.999977446846823770e-01,-2.255315317611916726e-06,8.864050212792351502e-05
4.320000000000000000e+02,2.999925549412953418e-01,-7.445058704647067316e-06,8.119544342327644770e-05
4.330000000000000000e+02,3.000013657552693669e-01,1.365755269377988412e-06,8.256119869265443612e-05
4.340000000000000000e+02,2.999976318571692668e-01,-2.368142830722064218e-06,8.019305586193237190e-05
4.350000000000000000e+02,2.999970553932614359e-01,-2.944606738553012804e-06,7.724844912337935909e-05
4.360000000000000000e+02,2.999894793371123969e-01,-1.052066288759201385e-05,6.672778623578734525e-05
4.370000000000000000e+02,2.999938646398855879e-01,-6.135360114400967291e-06,6.059242612138637796e-05
4.380000000000000000e+02,2.999924932067965511e-01,-7.506793203437833739e-06,5.308563291794854422e-05
4.390000000000000000e+02,2.999943429374111181e-01,-5.657062588870775954e-06,4.742857032907776826e-05
4.400000000000000000e+02,3.000002595904576186e-01,2.595904576296881316e-07,4.768816078670745640e-05
4.410000000000000000e+02,3.000026476114756591e-01,2.647611475670164083e-06,5.033577226237762048e-05
4.420000000000000000e+02,2.999913987979465624e-01,-8.601202053426515448e-06,4.173457020895110503e-05
4.430000000000000000e+02,3.000013024690105223e-01,1.302469010533435778e-06,4.303703921948454081e-05
4.440000000000000000e+02,2.999983103206533830e-01,-1.689679346605910126e-06,4.134735987287863068e-05
4.450000000000000000e+02,2.999976498271236802e-01,-2.350172876308675995e-06,3.899718699656995469e-05
4.460000000000000000e+02,3.000038626354943894e-01,3.862635494400468161e-06,4.285982249097042285e-05
4.470000000000000000e+02,2.999951231417047892e-01,-4.876858295199681947e-06,3.798296419577074090e-05
4.480000000000000000e+02,2.999973770247115201e-01,-2.622975288468776256e-06,3.535998890730196464e-05
4.490000000000000000e+02,2.999901283832590027e-01,-9.871616740986244309e-06,2.548837216631572034e-05
4.500000000000000000e+02,3.000178432567782716e-01,1.784325677828269008e-05,4.333162894459841041e-05
4.510000000000000000e+02,2.999988029012175539e-01,-1.197098782435013220e-06,4.213453016216339719e-05
4.520000000000000000e+02,2.999992654575905360e-01,-7.345424094529207082e-07,4.139998775271047649e-05
4.530000000000000000e+02,3.000030880726076155e-01,3.088072607626557442e-06,4.448806036033703393e-05
4.540000000000000000e+02,2.999998180399794934e-01,-1.819600204955307277e-07,4.430610033984150320e-05
4.550000000000000000e+02,2.999968717019591002e-01,-3.128298040888655152e-06,4.117780229895284805e-05
4.560000000000000000e+02,2.999995188729703832e-01,-4.811270296056768814e-07,4.069667526934717117e-05
4.570000000000000000e+02,2.999967284634911802e-01,-3.271536508808736698e-06,3.742513876053843447e-05
4.580000000000000000e+02,2.999873794087917211e-01,-1.262059120826775072e-05,2.480454755227068375e-05
4.590000000000000000e+02,3.000007023533833306e-01,7.023533833416806260e-07,2.550690093561236438e-05
4.600000000000000000e+02,2.999913995945707734e-01,-8.600405429215474129e-06,1.690649550639689025e-05
4.610000000000000000e+02,2.999988886197045845e-01,-1.111380295404362784e-06,1.579511521099252747e-05
4.620000000000000000e+02,2.999988933685739934e-01,-1.106631425995541207e-06,1.468848378499698626e-05
4.630000000000000000e+02,3.000061534650604322e-01,6.153465060443341628e-06,2.084194884544032789e-05
4.640000000000000000e+02,2.999947859942875827e-01,-5.214005712406155624e-06,1.562794313303417226e-05
4.650000000000000000e+02,3.000139836951715155e-01,1.398369517152664443e-05,2.961163830456081669e-05
4.660000000000000000e+02,2.999930683568738377e-01,-6.931643126151243450e-06,2.267999517840957324e-05
4.670000000000000000e+02,2.999939751442315394e-01,-6.024855768449466353e-06,1.665513940996010689e-05
4.680000000000000000e+02,3.000038649588782080e-01,3.864958878219137972e-06,2.052009828817924486e-05
4.690000000000000000e+02,3.000082182038641410e-01,8.218203864152062721e-06,2.873830215233130758e-05
4.700000000000000000e+02,2.999968466333178818e-01,-3.153366682107083818e-06,2.558493547022422376e-05
4.710000000000000000e+02,2.999868583326806837e-01,-1.314166731930521692e-05,1.244326815091900684e-05
4.720000000000000000e+02,2.999945347907768678e-01,-5.465209223121103577e-06,6.978058927797903266e-06
4.730000000000000000e+02,2.999966757902742254e-01,-3.324209725763527246e-06,3.653849202034376020e-06
4.740000000000000000e+02,3.000018357097945509e-01,1.835709794562045971e-06,5.489558996596421991e-06
4.750000000000000000e+02,2.999999117563161288e-01,-8.824368386006753440e-08,5.401315312736354457e-06
4.760000000000000000e+02,3.000092151144054253e-01,9.215114405436430900e-06,1.461642971817278536e-05
4.770000000000000000e+02,3.000002845268788243e-01,2.845268788354005096e-07,1.490095659700818587e-05
4.780000000000000000e+02,2.999967835499713908e-01,-3.216450028598050181e-06,1.168450656841013569e-05
4.790000000000000000e+02,3.000094773221555489e-01,9.477322155559964045e-06,2.116182872397009973e-05
4.800000000000000000e+02,3.000006222184011806e-01,6.222184011916986890e-07,2.178404712516179842e-05
4.810000000000000000e+02,2.999944451703928094e-01,-5.554829607179456730e-06,1.622921751798234169e-05
4.820000000000000000e+02,2.999940443125831968e-01,-5.955687416792088129e-06,1.027353010119025356e-05
4.830000000000000000e+02,2.999996472698250871e-01,-3.527301749017830446e-07,9.920799926288470516e-06
4.840000000000000000e+02,2.999991151936705069e-01,-8.848063294819574764e-07,9.035993596806513040e-06
4.850000000000000000e+02,2.999944814142327942e-01,-5.518585767194661429e-06,3.517407829611851611e-06
4.860000000000000000e+02,3.000055398478391200e-01,5.539847839131084584e-06,9.057255668742936194e-06
4.870000000000000000e+02,2.999992351354525133e-01,-7.648645474755966234e-07,8.292391121267339571e-06
4.880000000000000000e+02,3.000090193671979266e-01,9.019367197937722125e-06,1.731175831920506170e-05
4.890000000000000000e+02,2.999937107118214041e-01,-6.289288178584762079e-06,1.102247014062029962e-05
4.900000000000000000e+02,3.000046824280718227e-01,4.682428071833832917e-06,1.570489821245413253e-05
4.910000000000000000e+02,3.000032831078781048e-01,3.283107878115920641e-06,1.898800609057005317e-05
4.920000000000000000e+02,2.999958311264646627e-01,-4.168873535326245161e-06,1.481913255524380801e-05
4.930000000000000000e+02,2.999998148645866558e-01,-1.851354133330929130e-07,1.463399714191071510e-05
4.940000000000000000e+02,3.000019585688664669e-01,1.958568866478049841e-06,1.659256600838876494e-05
4.950000000000000000e+02,3.000056437066648263e-01,5.643706664837377929e-06,2.223627267322614287e-05
4.960000000000000000e+02,2.999981891393619371e-01,-1.810860638051803306e-06,2.042541203517433956e-05
4.970000000000000000e+02,2.999944378174447812e-01,-5.562182555207684231e-06,1.486322947996665533e-05
4.980000000000000000e+02,2.999931793227968990e-01,-6.820677203089875462e-06,8.042552276876779871e-06
4.990000000000000000e+02,3.000004718149235639e-01,4.718149235749535819e-07,8.514367200451733453e-06
